Observation station,Year,Month,Day,Time [Local time],Snow depth mean [cm],Date,Average temperature [Â°C],Cloud cover [1/8]
Turku Artukainen,2010.0,6.0,11.0,00:00,-1,2010-06-11,14.4,Clear (0/8)
Turku Artukainen,2010.0,6.0,12.0,00:00,-1,2010-06-12,12.3,Mostly cloudy (7/8)
Turku Artukainen,2010.0,6.0,13.0,00:00,-1,2010-06-13,12.4,Mostly cloudy (7/8)
Turku Artukainen,2010.0,6.0,14.0,00:00,-1,2010-06-14,12.0,Partly cloudy (5/8)
Turku Artukainen,2010.0,6.0,15.0,00:00,-1,2010-06-15,12.7,Cloudy (8/8)
Turku Artukainen,2010.0,6.0,16.0,00:00,-1,2010-06-16,12.1,Mostly cloudy (6/8)
Turku Artukainen,2010.0,6.0,17.0,00:00,-1,2010-06-17,13.7,Clear (0/8)
Turku Artukainen,2010.0,6.0,18.0,00:00,-1,2010-06-18,14.1,Mostly clear (3/8)
Turku Artukainen,2010.0,6.0,19.0,00:00,-1,2010-06-19,13.8,Mostly cloudy (7/8)
Turku Artukainen,2010.0,6.0,20.0,00:00,-1,2010-06-20,12.6,Cloudy (8/8)
Turku Artukainen,2010.0,6.0,21.0,00:00,-1,2010-06-21,13.1,Clear (0/8)
Turku Artukainen,2010.0,6.0,22.0,00:00,-1,2010-06-22,14.4,Mostly cloudy (7/8)
Turku Artukainen,2010.0,6.0,23.0,00:00,-1,2010-06-23,15.9,Partly cloudy (4/8)
Turku Artukainen,2010.0,6.0,24.0,00:00,-1,2010-06-24,16.5,Clear (0/8)
Turku Artukainen,2010.0,6.0,25.0,00:00,-1,2010-06-25,16.1,Clear (0/8)
Turku Artukainen,2010.0,6.0,26.0,00:00,-1,2010-06-26,16.0,Mostly clear (3/8)
Turku Artukainen,2010.0,6.0,27.0,00:00,-1,2010-06-27,14.1,Clear (0/8)
Turku Artukainen,2010.0,6.0,28.0,00:00,-1,2010-06-28,18.3,Clear (0/8)
Turku Artukainen,2010.0,6.0,29.0,00:00,-1,2010-06-29,17.8,Clear (0/8)
Turku Artukainen,2010.0,6.0,30.0,00:00,-1,2010-06-30,19.3,Clear (0/8)
Turku Artukainen,2010.0,7.0,1.0,00:00,-1,2010-07-01,17.8,Partly cloudy (5/8)
Turku Artukainen,2010.0,7.0,2.0,00:00,-1,2010-07-02,17.6,Mostly clear (2/8)
Turku Artukainen,2010.0,7.0,3.0,00:00,-1,2010-07-03,19.6,Clear (0/8)
Turku Artukainen,2010.0,7.0,4.0,00:00,-1,2010-07-04,20.1,Clear (0/8)
Turku Artukainen,2010.0,7.0,5.0,00:00,-1,2010-07-05,20.5,Clear (0/8)
Turku Artukainen,2010.0,7.0,6.0,00:00,-1,2010-07-06,21.9,Clear (0/8)
Turku Artukainen,2010.0,7.0,7.0,00:00,-1,2010-07-07,19.1,Clear (1/8)
Turku Artukainen,2010.0,7.0,8.0,00:00,-1,2010-07-08,20.7,Clear (0/8)
Turku Artukainen,2010.0,7.0,9.0,00:00,-1,2010-07-09,20.7,Clear (0/8)
Turku Artukainen,2010.0,7.0,10.0,00:00,-1,2010-07-10,22.0,Partly cloudy (5/8)
Turku Artukainen,2010.0,7.0,11.0,00:00,-1,2010-07-11,24.6,Clear (0/8)
Turku Artukainen,2010.0,7.0,12.0,00:00,-1,2010-07-12,25.3,Clear (0/8)
Turku Artukainen,2010.0,7.0,13.0,00:00,-1,2010-07-13,27.1,Clear (0/8)
Turku Artukainen,2010.0,7.0,14.0,00:00,-1,2010-07-14,24.0,Clear (0/8)
Turku Artukainen,2010.0,7.0,15.0,00:00,-1,2010-07-15,22.2,Clear (0/8)
Turku Artukainen,2010.0,7.0,16.0,00:00,-1,2010-07-16,22.4,Mostly clear (2/8)
Turku Artukainen,2010.0,7.0,17.0,00:00,-1,2010-07-17,22.7,Clear (0/8)
Turku Artukainen,2010.0,7.0,18.0,00:00,-1,2010-07-18,22.4,Clear (0/8)
Turku Artukainen,2010.0,7.0,19.0,00:00,-1,2010-07-19,20.7,Mostly cloudy (6/8)
Turku Artukainen,2010.0,7.0,20.0,00:00,-1,2010-07-20,21.4,Clear (0/8)
Turku Artukainen,2010.0,7.0,21.0,00:00,-1,2010-07-21,22.4,Partly cloudy (4/8)
Turku Artukainen,2010.0,7.0,22.0,00:00,-1,2010-07-22,23.4,Clear (0/8)
Turku Artukainen,2010.0,7.0,23.0,00:00,-1,2010-07-23,19.2,Mostly cloudy (7/8)
Turku Artukainen,2010.0,7.0,24.0,00:00,-1,2010-07-24,17.8,Mostly cloudy (7/8)
Turku Artukainen,2010.0,7.0,25.0,00:00,-1,2010-07-25,22.9,Mostly cloudy (7/8)
Turku Artukainen,2010.0,7.0,26.0,00:00,-1,2010-07-26,22.9,Mostly cloudy (7/8)
Turku Artukainen,2010.0,7.0,27.0,00:00,-1,2010-07-27,20.1,Mostly cloudy (7/8)
Turku Artukainen,2010.0,7.0,28.0,00:00,-1,2010-07-28,20.9,Clear (0/8)
Turku Artukainen,2010.0,7.0,29.0,00:00,-1,2010-07-29,23.5,Clear (1/8)
Turku Artukainen,2010.0,7.0,30.0,00:00,-1,2010-07-30,20.2,Mostly cloudy (7/8)
Turku Artukainen,2010.0,7.0,31.0,00:00,-1,2010-07-31,18.4,Mostly cloudy (6/8)
Turku Artukainen,2010.0,8.0,1.0,00:00,-1,2010-08-01,19.7,Partly cloudy (4/8)
Turku Artukainen,2010.0,8.0,2.0,00:00,-1,2010-08-02,21.0,Clear (0/8)
Turku Artukainen,2010.0,8.0,3.0,00:00,-1,2010-08-03,20.6,Mostly cloudy (7/8)
Turku Artukainen,2010.0,8.0,4.0,00:00,-1,2010-08-04,18.4,Mostly cloudy (7/8)
Turku Artukainen,2010.0,8.0,5.0,00:00,-1,2010-08-05,18.7,Mostly cloudy (7/8)
Turku Artukainen,2010.0,8.0,6.0,00:00,-1,2010-08-06,19.7,Clear (0/8)
Turku Artukainen,2010.0,8.0,7.0,00:00,-1,2010-08-07,20.7,Clear (1/8)
Turku Artukainen,2010.0,8.0,8.0,00:00,-1,2010-08-08,23.0,Clear (1/8)
Turku Artukainen,2010.0,8.0,9.0,00:00,-1,2010-08-09,20.3,Mostly clear (2/8)
Turku Artukainen,2010.0,8.0,10.0,00:00,-1,2010-08-10,18.9,Mostly cloudy (7/8)
Turku Artukainen,2010.0,8.0,11.0,00:00,-1,2010-08-11,20.1,Cloudy (8/8)
Turku Artukainen,2010.0,8.0,12.0,00:00,-1,2010-08-12,20.4,Clear (0/8)
Turku Artukainen,2010.0,8.0,13.0,00:00,-1,2010-08-13,23.7,Clear (0/8)
Turku Artukainen,2010.0,8.0,14.0,00:00,-1,2010-08-14,22.4,Clear (0/8)
Turku Artukainen,2010.0,8.0,15.0,00:00,-1,2010-08-15,20.8,Clear (0/8)
Turku Artukainen,2010.0,8.0,16.0,00:00,-1,2010-08-16,18.9,Clear (0/8)
Turku Artukainen,2010.0,8.0,17.0,00:00,-1,2010-08-17,19.4,Clear (0/8)
Turku Artukainen,2010.0,8.0,18.0,00:00,-1,2010-08-18,16.7,Cloudy (8/8)
Turku Artukainen,2010.0,8.0,19.0,00:00,-1,2010-08-19,16.2,Clear (0/8)
Turku Artukainen,2010.0,8.0,20.0,00:00,-1,2010-08-20,14.9,Clear (0/8)
Turku Artukainen,2010.0,8.0,21.0,00:00,-1,2010-08-21,18.4,Mostly clear (3/8)
Turku Artukainen,2010.0,8.0,22.0,00:00,-1,2010-08-22,18.1,Cloudy (8/8)
Turku Artukainen,2010.0,8.0,23.0,00:00,-1,2010-08-23,17.1,Partly cloudy (5/8)
Turku Artukainen,2010.0,8.0,24.0,00:00,-1,2010-08-24,14.1,Clear (0/8)
Turku Artukainen,2010.0,8.0,25.0,00:00,-1,2010-08-25,15.2,Clear (1/8)
Turku Artukainen,2010.0,8.0,26.0,00:00,-1,2010-08-26,13.0,Mostly cloudy (7/8)
Turku Artukainen,2010.0,8.0,27.0,00:00,-1,2010-08-27,11.9,Cloudy (8/8)
Turku Artukainen,2010.0,8.0,28.0,00:00,-1,2010-08-28,11.6,Cloudy (8/8)
Turku Artukainen,2010.0,8.0,29.0,00:00,-1,2010-08-29,11.7,Mostly cloudy (7/8)
Turku Artukainen,2010.0,8.0,30.0,00:00,-1,2010-08-30,12.2,Cloudy (8/8)
Turku Artukainen,2010.0,8.0,31.0,00:00,-1,2010-08-31,12.9,Cloudy (8/8)
Turku Artukainen,2010.0,9.0,1.0,00:00,-1,2010-09-01,12.0,Clear (0/8)
Turku Artukainen,2010.0,9.0,2.0,00:00,-1,2010-09-02,10.7,Clear (0/8)
Turku Artukainen,2010.0,9.0,3.0,00:00,-1,2010-09-03,9.1,Mostly cloudy (7/8)
Turku Artukainen,2010.0,9.0,4.0,00:00,-1,2010-09-04,8.9,Mostly cloudy (7/8)
Turku Artukainen,2010.0,9.0,5.0,00:00,-1,2010-09-05,11.1,Mostly cloudy (6/8)
Turku Artukainen,2010.0,9.0,6.0,00:00,-1,2010-09-06,13.6,Mostly cloudy (7/8)
Turku Artukainen,2010.0,9.0,7.0,00:00,-1,2010-09-07,14.5,Mostly cloudy (7/8)
Turku Artukainen,2010.0,9.0,8.0,00:00,-1,2010-09-08,12.9,Clear (0/8)
Turku Artukainen,2010.0,9.0,9.0,00:00,-1,2010-09-09,13.8,Clear (0/8)
Turku Artukainen,2010.0,9.0,10.0,00:00,-1,2010-09-10,13.8,Partly cloudy (5/8)
Turku Artukainen,2010.0,9.0,11.0,00:00,-1,2010-09-11,14.1,Cloudy (8/8)
Turku Artukainen,2010.0,9.0,12.0,00:00,-1,2010-09-12,15.5,Mostly cloudy (7/8)
Turku Artukainen,2010.0,9.0,13.0,00:00,-1,2010-09-13,15.4,Cloudy (8/8)
Turku Artukainen,2010.0,9.0,14.0,00:00,-1,2010-09-14,14.7,Mostly cloudy (7/8)
Turku Artukainen,2010.0,9.0,15.0,00:00,-1,2010-09-15,12.6,Mostly cloudy (7/8)
Turku Artukainen,2010.0,9.0,16.0,00:00,-1,2010-09-16,11.4,Clear (0/8)
Turku Artukainen,2010.0,9.0,17.0,00:00,-1,2010-09-17,11.1,Mostly cloudy (7/8)
Turku Artukainen,2010.0,9.0,18.0,00:00,-1,2010-09-18,11.1,Clear (1/8)
Turku Artukainen,2010.0,9.0,19.0,00:00,-1,2010-09-19,9.9,Mostly cloudy (7/8)
Turku Artukainen,2010.0,9.0,20.0,00:00,-1,2010-09-20,10.6,Mostly clear (2/8)
Turku Artukainen,2010.0,9.0,21.0,00:00,-1,2010-09-21,12.3,Clear (0/8)
Turku Artukainen,2010.0,9.0,22.0,00:00,-1,2010-09-22,10.3,Mostly cloudy (7/8)
Turku Artukainen,2010.0,9.0,23.0,00:00,-1,2010-09-23,12.6,Clear (0/8)
Turku Artukainen,2010.0,9.0,24.0,00:00,-1,2010-09-24,14.4,Mostly cloudy (7/8)
Turku Artukainen,2010.0,9.0,25.0,00:00,-1,2010-09-25,14.9,Cloudy (8/8)
Turku Artukainen,2010.0,9.0,26.0,00:00,-1,2010-09-26,9.6,Cloudy (8/8)
Turku Artukainen,2010.0,9.0,27.0,00:00,-1,2010-09-27,8.3,Clear (1/8)
Turku Artukainen,2010.0,9.0,28.0,00:00,-1,2010-09-28,7.1,Clear (0/8)
Turku Artukainen,2010.0,9.0,29.0,00:00,-1,2010-09-29,6.1,Clear (0/8)
Turku Artukainen,2010.0,9.0,30.0,00:00,-1,2010-09-30,5.7,Clear (0/8)
Turku Artukainen,2010.0,10.0,1.0,00:00,-1,2010-10-01,5.6,Clear (0/8)
Turku Artukainen,2010.0,10.0,2.0,00:00,-1,2010-10-02,5.6,Clear (0/8)
Turku Artukainen,2010.0,10.0,3.0,00:00,-1,2010-10-03,8.0,Clear (0/8)
Turku Artukainen,2010.0,10.0,4.0,00:00,-1,2010-10-04,10.7,Mostly cloudy (7/8)
Turku Artukainen,2010.0,10.0,5.0,00:00,-1,2010-10-05,10.1,Partly cloudy (5/8)
Turku Artukainen,2010.0,10.0,6.0,00:00,-1,2010-10-06,10.0,Clear (1/8)
Turku Artukainen,2010.0,10.0,7.0,00:00,-1,2010-10-07,9.8,Clear (0/8)
Turku Artukainen,2010.0,10.0,8.0,00:00,-1,2010-10-08,10.5,Mostly cloudy (7/8)
Turku Artukainen,2010.0,10.0,9.0,00:00,-1,2010-10-09,9.1,Mostly cloudy (7/8)
Turku Artukainen,2010.0,10.0,10.0,00:00,-1,2010-10-10,7.8,Cloudy (8/8)
Turku Artukainen,2010.0,10.0,11.0,00:00,-1,2010-10-11,6.0,Clear (0/8)
Turku Artukainen,2010.0,10.0,12.0,00:00,-1,2010-10-12,3.8,Partly cloudy (5/8)
Turku Artukainen,2010.0,10.0,13.0,00:00,-1,2010-10-13,3.6,Mostly clear (2/8)
Turku Artukainen,2010.0,10.0,14.0,00:00,-1,2010-10-14,4.1,Clear (0/8)
Turku Artukainen,2010.0,10.0,15.0,00:00,-1,2010-10-15,1.8,Mostly cloudy (7/8)
Turku Artukainen,2010.0,10.0,16.0,00:00,-1,2010-10-16,1.0,Clear (0/8)
Turku Artukainen,2010.0,10.0,17.0,00:00,-1,2010-10-17,4.3,Clear (1/8)
Turku Artukainen,2010.0,10.0,18.0,00:00,-1,2010-10-18,7.3,Clear (0/8)
Turku Artukainen,2010.0,10.0,19.0,00:00,-1,2010-10-19,7.2,Mostly cloudy (7/8)
Turku Artukainen,2010.0,10.0,20.0,00:00,-1,2010-10-20,6.6,Cloudy (8/8)
Turku Artukainen,2010.0,10.0,21.0,00:00,-1,2010-10-21,0.9,Cloudy (8/8)
Turku Artukainen,2010.0,10.0,22.0,00:00,-1,2010-10-22,-0.2,Clear (0/8)
Turku Artukainen,2010.0,10.0,23.0,00:00,-1,2010-10-23,3.5,Clear (1/8)
Turku Artukainen,2010.0,10.0,24.0,00:00,-1,2010-10-24,0.9,Mostly cloudy (6/8)
Turku Artukainen,2010.0,10.0,25.0,00:00,-1,2010-10-25,3.2,Mostly cloudy (7/8)
Turku Artukainen,2010.0,10.0,26.0,00:00,-1,2010-10-26,1.8,Mostly cloudy (7/8)
Turku Artukainen,2010.0,10.0,27.0,00:00,-1,2010-10-27,0.5,Mostly cloudy (7/8)
Turku Artukainen,2010.0,10.0,28.0,00:00,-1,2010-10-28,8.1,Mostly cloudy (7/8)
Turku Artukainen,2010.0,10.0,29.0,00:00,-1,2010-10-29,6.2,Mostly cloudy (7/8)
Turku Artukainen,2010.0,10.0,30.0,00:00,-1,2010-10-30,9.0,Cloudy (8/8)
Turku Artukainen,2010.0,10.0,31.0,00:00,-1,2010-10-31,8.8,Mostly cloudy (7/8)
Turku Artukainen,2010.0,11.0,1.0,00:00,-1,2010-11-01,7.4,Mostly cloudy (7/8)
Turku Artukainen,2010.0,11.0,2.0,00:00,-1,2010-11-02,3.6,Cloudy (8/8)
Turku Artukainen,2010.0,11.0,3.0,00:00,-1,2010-11-03,8.3,Cloudy (8/8)
Turku Artukainen,2010.0,11.0,4.0,00:00,-1,2010-11-04,6.8,Mostly cloudy (7/8)
Turku Artukainen,2010.0,11.0,5.0,00:00,-1,2010-11-05,4.5,Clear (0/8)
Turku Artukainen,2010.0,11.0,6.0,00:00,-1,2010-11-06,2.8,Mostly cloudy (7/8)
Turku Artukainen,2010.0,11.0,7.0,00:00,-1,2010-11-07,2.2,Clear (0/8)
Turku Artukainen,2010.0,11.0,8.0,00:00,-0.9,2010-11-08,-1.7,Clear (0/8)
Turku Artukainen,2010.0,11.0,9.0,00:00,1.1,2010-11-09,-1.1,Clear (1/8)
Turku Artukainen,2010.0,11.0,10.0,00:00,4.2,2010-11-10,4.2,Cloudy (8/8)
Turku Artukainen,2010.0,11.0,11.0,00:00,1.1,2010-11-11,2.1,Cloudy (8/8)
Turku Artukainen,2010.0,11.0,12.0,00:00,-0.5,2010-11-12,2.6,Partly cloudy (4/8)
Turku Artukainen,2010.0,11.0,13.0,00:00,-1,2010-11-13,3.0,Cloudy (8/8)
Turku Artukainen,2010.0,11.0,14.0,00:00,-1,2010-11-14,4.2,Cloudy (8/8)
Turku Artukainen,2010.0,11.0,15.0,00:00,-1,2010-11-15,5.1,Cloudy (8/8)
Turku Artukainen,2010.0,11.0,16.0,00:00,-1,2010-11-16,1.9,Mostly cloudy (7/8)
Turku Artukainen,2010.0,11.0,17.0,00:00,-1,2010-11-17,-2.5,Partly cloudy (5/8)
Turku Artukainen,2010.0,11.0,18.0,00:00,2.1,2010-11-18,-1.2,Cloudy (8/8)
Turku Artukainen,2010.0,11.0,19.0,00:00,3.3,2010-11-19,-4.2,Cloudy (8/8)
Turku Artukainen,2010.0,11.0,20.0,00:00,3.4,2010-11-20,-2.7,Cloudy (8/8)
Turku Artukainen,2010.0,11.0,21.0,00:00,3.5,2010-11-21,-2.5,Cloudy (8/8)
Turku Artukainen,2010.0,11.0,22.0,00:00,3.5,2010-11-22,-4.2,Cloudy (8/8)
Turku Artukainen,2010.0,11.0,23.0,00:00,4,2010-11-23,-4.7,Cloudy (8/8)
Turku Artukainen,2010.0,11.0,24.0,00:00,6.1,2010-11-24,-4.7,Cloudy (8/8)
Turku Artukainen,2010.0,11.0,25.0,00:00,9.7,2010-11-25,-7.1,Cloudy (8/8)
Turku Artukainen,2010.0,11.0,26.0,00:00,9,2010-11-26,-11.8,Mostly cloudy (7/8)
Turku Artukainen,2010.0,11.0,27.0,00:00,9,2010-11-27,-10.2,Mostly cloudy (7/8)
Turku Artukainen,2010.0,11.0,28.0,00:00,9,2010-11-28,-13.9,Cloudy (8/8)
Turku Artukainen,2010.0,11.0,29.0,00:00,9,2010-11-29,-15.1,Cloudy (8/8)
Turku Artukainen,2010.0,11.0,30.0,00:00,9.2,2010-11-30,-14.4,Clear (0/8)
Turku Artukainen,2010.0,12.0,1.0,00:00,9.8,2010-12-01,-6.8,Clear (1/8)
Turku Artukainen,2010.0,12.0,2.0,00:00,10,2010-12-02,-2.2,Cloudy (8/8)
Turku Artukainen,2010.0,12.0,3.0,00:00,10.1,2010-12-03,-6.2,Partly cloudy (5/8)
Turku Artukainen,2010.0,12.0,4.0,00:00,22,2010-12-04,-4.7,Mostly cloudy (6/8)
Turku Artukainen,2010.0,12.0,5.0,00:00,24.9,2010-12-05,-1.9,Cloudy (8/8)
Turku Artukainen,2010.0,12.0,6.0,00:00,26.4,2010-12-06,-4.0,Cloudy (8/8)
Turku Artukainen,2010.0,12.0,7.0,00:00,24.7,2010-12-07,-7.6,Cloudy (8/8)
Turku Artukainen,2010.0,12.0,8.0,00:00,23,2010-12-08,-5.9,Mostly cloudy (7/8)
Turku Artukainen,2010.0,12.0,9.0,00:00,21.6,2010-12-09,-4.7,Mostly cloudy (7/8)
Turku Artukainen,2010.0,12.0,10.0,00:00,20.2,2010-12-10,-8.2,Cloudy (8/8)
Turku Artukainen,2010.0,12.0,11.0,00:00,19.4,2010-12-11,-8.3,Mostly cloudy (7/8)
Turku Artukainen,2010.0,12.0,12.0,00:00,19,2010-12-12,-13.3,Mostly clear (2/8)
Turku Artukainen,2010.0,12.0,13.0,00:00,19,2010-12-13,-12.0,Mostly cloudy (6/8)
Turku Artukainen,2010.0,12.0,14.0,00:00,19,2010-12-14,-11.0,Clear (0/8)
Turku Artukainen,2010.0,12.0,15.0,00:00,19,2010-12-15,-13.6,Mostly cloudy (7/8)
Turku Artukainen,2010.0,12.0,16.0,00:00,19.1,2010-12-16,-4.3,Cloudy (8/8)
Turku Artukainen,2010.0,12.0,17.0,00:00,19.7,2010-12-17,-4.7,Mostly cloudy (7/8)
Turku Artukainen,2010.0,12.0,18.0,00:00,20,2010-12-18,-10.4,Cloudy (8/8)
Turku Artukainen,2010.0,12.0,19.0,00:00,20.6,2010-12-19,-11.4,Mostly cloudy (7/8)
Turku Artukainen,2010.0,12.0,20.0,00:00,21.6,2010-12-20,-9.2,Mostly cloudy (7/8)
Turku Artukainen,2010.0,12.0,21.0,00:00,22,2010-12-21,-7.0,Cloudy (8/8)
Turku Artukainen,2010.0,12.0,22.0,00:00,20.7,2010-12-22,-11.2,Cloudy (8/8)
Turku Artukainen,2010.0,12.0,23.0,00:00,20.2,2010-12-23,-21.0,Clear (0/8)
Turku Artukainen,2010.0,12.0,24.0,00:00,20.8,2010-12-24,-19.7,Clear (0/8)
Turku Artukainen,2010.0,12.0,25.0,00:00,21.8,2010-12-25,-11.0,Mostly cloudy (7/8)
Turku Artukainen,2010.0,12.0,26.0,00:00,31.7,2010-12-26,-7.9,Cloudy (8/8)
Turku Artukainen,2010.0,12.0,27.0,00:00,37.1,2010-12-27,-7.3,Cloudy (8/8)
Turku Artukainen,2010.0,12.0,28.0,00:00,36,2010-12-28,-8.9,Cloudy (8/8)
Turku Artukainen,2010.0,12.0,29.0,00:00,35,2010-12-29,-8.9,Cloudy (8/8)
Turku Artukainen,2010.0,12.0,30.0,00:00,34.6,2010-12-30,-10.4,Cloudy (8/8)
Turku Artukainen,2010.0,12.0,31.0,00:00,37.2,2010-12-31,-5.4,Cloudy (8/8)
Turku Artukainen,2011.0,1.0,1.0,00:00,41.9,2011-01-01,-3.4,Mostly cloudy (7/8)
Turku Artukainen,2011.0,1.0,2.0,00:00,42.5,2011-01-02,-11.8,Clear (0/8)
Turku Artukainen,2011.0,1.0,3.0,00:00,40.6,2011-01-03,-7.5,Cloudy (8/8)
Turku Artukainen,2011.0,1.0,4.0,00:00,43.6,2011-01-04,-9.9,Cloudy (8/8)
Turku Artukainen,2011.0,1.0,5.0,00:00,41.9,2011-01-05,-9.4,Clear (0/8)
Turku Artukainen,2011.0,1.0,6.0,00:00,42,2011-01-06,-4.4,Mostly cloudy (7/8)
Turku Artukainen,2011.0,1.0,7.0,00:00,46.2,2011-01-07,-2.0,Mostly cloudy (7/8)
Turku Artukainen,2011.0,1.0,8.0,00:00,46.6,2011-01-08,-5.1,Clear (1/8)
Turku Artukainen,2011.0,1.0,9.0,00:00,43.4,2011-01-09,1.3,Cloudy (8/8)
Turku Artukainen,2011.0,1.0,10.0,00:00,38.5,2011-01-10,1.4,Cloudy (8/8)
Turku Artukainen,2011.0,1.0,11.0,00:00,37.2,2011-01-11,0.5,Partly cloudy (4/8)
Turku Artukainen,2011.0,1.0,12.0,00:00,38.8,2011-01-12,-1.6,Cloudy (8/8)
Turku Artukainen,2011.0,1.0,13.0,00:00,46.1,2011-01-13,-3.0,Cloudy (8/8)
Turku Artukainen,2011.0,1.0,14.0,00:00,45.5,2011-01-14,-4.8,Cloudy (8/8)
Turku Artukainen,2011.0,1.0,15.0,00:00,44.5,2011-01-15,-16.2,Clear (0/8)
Turku Artukainen,2011.0,1.0,16.0,00:00,44.7,2011-01-16,-7.3,Mostly clear (2/8)
Turku Artukainen,2011.0,1.0,17.0,00:00,43.6,2011-01-17,2.0,Cloudy (8/8)
Turku Artukainen,2011.0,1.0,18.0,00:00,41.6,2011-01-18,0.5,Mostly clear (3/8)
Turku Artukainen,2011.0,1.0,19.0,00:00,40.3,2011-01-19,0.0,Cloudy (8/8)
Turku Artukainen,2011.0,1.0,20.0,00:00,39.2,2011-01-20,-2.7,Cloudy (8/8)
Turku Artukainen,2011.0,1.0,21.0,00:00,38.5,2011-01-21,-5.3,Cloudy (8/8)
Turku Artukainen,2011.0,1.0,22.0,00:00,42.3,2011-01-22,-3.3,Cloudy (8/8)
Turku Artukainen,2011.0,1.0,23.0,00:00,42.9,2011-01-23,-5.0,Cloudy (8/8)
Turku Artukainen,2011.0,1.0,24.0,00:00,42.6,2011-01-24,-2.9,Mostly cloudy (7/8)
Turku Artukainen,2011.0,1.0,25.0,00:00,42.7,2011-01-25,-3.9,Cloudy (8/8)
Turku Artukainen,2011.0,1.0,26.0,00:00,42.2,2011-01-26,-12.7,Clear (0/8)
Turku Artukainen,2011.0,1.0,27.0,00:00,42,2011-01-27,-7.8,Mostly cloudy (7/8)
Turku Artukainen,2011.0,1.0,28.0,00:00,42,2011-01-28,-2.0,Partly cloudy (4/8)
Turku Artukainen,2011.0,1.0,29.0,00:00,41.4,2011-01-29,-1.0,Mostly cloudy (7/8)
Turku Artukainen,2011.0,1.0,30.0,00:00,42,2011-01-30,-1.5,Mostly clear (2/8)
Turku Artukainen,2011.0,1.0,31.0,00:00,41.1,2011-01-31,-3.1,Clear (1/8)
Turku Artukainen,2011.0,2.0,1.0,00:00,41.2,2011-02-01,-1.5,Clear (0/8)
Turku Artukainen,2011.0,2.0,2.0,00:00,40,2011-02-02,0.2,Cloudy (8/8)
Turku Artukainen,2011.0,2.0,3.0,00:00,39,2011-02-03,-0.5,Clear (0/8)
Turku Artukainen,2011.0,2.0,4.0,00:00,38.6,2011-02-04,0.3,Cloudy (8/8)
Turku Artukainen,2011.0,2.0,5.0,00:00,40,2011-02-05,-0.9,Cloudy (8/8)
Turku Artukainen,2011.0,2.0,6.0,00:00,39.2,2011-02-06,-2.6,Mostly cloudy (7/8)
Turku Artukainen,2011.0,2.0,7.0,00:00,39,2011-02-07,-5.8,Clear (0/8)
Turku Artukainen,2011.0,2.0,8.0,00:00,45.5,2011-02-08,-0.3,Cloudy (8/8)
Turku Artukainen,2011.0,2.0,9.0,00:00,47.1,2011-02-09,-6.2,Clear (0/8)
Turku Artukainen,2011.0,2.0,10.0,00:00,47.1,2011-02-10,-10.9,Clear (0/8)
Turku Artukainen,2011.0,2.0,11.0,00:00,49,2011-02-11,-8.6,Cloudy (8/8)
Turku Artukainen,2011.0,2.0,12.0,00:00,48.2,2011-02-12,-9.8,Cloudy (8/8)
Turku Artukainen,2011.0,2.0,13.0,00:00,48,2011-02-13,-17.3,Clear (0/8)
Turku Artukainen,2011.0,2.0,14.0,00:00,48,2011-02-14,-18.9,Clear (0/8)
Turku Artukainen,2011.0,2.0,15.0,00:00,48,2011-02-15,-19.0,Clear (0/8)
Turku Artukainen,2011.0,2.0,16.0,00:00,48,2011-02-16,-14.4,Mostly cloudy (7/8)
Turku Artukainen,2011.0,2.0,17.0,00:00,48,2011-02-17,-15.3,Cloudy (8/8)
Turku Artukainen,2011.0,2.0,18.0,00:00,48,2011-02-18,-19.5,Clear (0/8)
Turku Artukainen,2011.0,2.0,19.0,00:00,48,2011-02-19,-20.2,Partly cloudy (5/8)
Turku Artukainen,2011.0,2.0,20.0,00:00,48.3,2011-02-20,-15.1,Clear (0/8)
Turku Artukainen,2011.0,2.0,21.0,00:00,49.6,2011-02-21,-13.3,Cloudy (8/8)
Turku Artukainen,2011.0,2.0,22.0,00:00,48.7,2011-02-22,-12.8,Cloudy (8/8)
Turku Artukainen,2011.0,2.0,23.0,00:00,50,2011-02-23,-17.0,Mostly cloudy (7/8)
Turku Artukainen,2011.0,2.0,24.0,00:00,50,2011-02-24,-18.0,Mostly cloudy (7/8)
Turku Artukainen,2011.0,2.0,25.0,00:00,49.7,2011-02-25,-7.4,Mostly cloudy (6/8)
Turku Artukainen,2011.0,2.0,26.0,00:00,50,2011-02-26,-0.8,Cloudy (8/8)
Turku Artukainen,2011.0,2.0,27.0,00:00,50,2011-02-27,-3.4,Mostly cloudy (7/8)
Turku Artukainen,2011.0,2.0,28.0,00:00,49.8,2011-02-28,-7.5,Clear (0/8)
Turku Artukainen,2011.0,3.0,1.0,00:00,50,2011-03-01,-5.9,Mostly cloudy (7/8)
Turku Artukainen,2011.0,3.0,2.0,00:00,49.7,2011-03-02,-3.7,Cloudy (8/8)
Turku Artukainen,2011.0,3.0,3.0,00:00,49.5,2011-03-03,0.0,Mostly clear (2/8)
Turku Artukainen,2011.0,3.0,4.0,00:00,49.4,2011-03-04,0.9,Clear (0/8)
Turku Artukainen,2011.0,3.0,5.0,00:00,48.5,2011-03-05,0.7,Clear (0/8)
Turku Artukainen,2011.0,3.0,6.0,00:00,48,2011-03-06,-2.8,Clear (0/8)
Turku Artukainen,2011.0,3.0,7.0,00:00,48,2011-03-07,-3.9,Clear (0/8)
Turku Artukainen,2011.0,3.0,8.0,00:00,48,2011-03-08,-0.8,Clear (0/8)
Turku Artukainen,2011.0,3.0,9.0,00:00,48,2011-03-09,0.6,Clear (0/8)
Turku Artukainen,2011.0,3.0,10.0,00:00,47.6,2011-03-10,1.3,Mostly cloudy (7/8)
Turku Artukainen,2011.0,3.0,11.0,00:00,47.7,2011-03-11,0.0,Cloudy (8/8)
Turku Artukainen,2011.0,3.0,12.0,00:00,47.2,2011-03-12,-0.4,Clear (0/8)
Turku Artukainen,2011.0,3.0,13.0,00:00,47.3,2011-03-13,-2.2,Clear (0/8)
Turku Artukainen,2011.0,3.0,14.0,00:00,47.5,2011-03-14,0.7,Cloudy (8/8)
Turku Artukainen,2011.0,3.0,15.0,00:00,47,2011-03-15,-2.4,Clear (0/8)
Turku Artukainen,2011.0,3.0,16.0,00:00,46.9,2011-03-16,-3.4,Clear (0/8)
Turku Artukainen,2011.0,3.0,17.0,00:00,47,2011-03-17,-2.4,Clear (0/8)
Turku Artukainen,2011.0,3.0,18.0,00:00,46.5,2011-03-18,0.6,Mostly cloudy (7/8)
Turku Artukainen,2011.0,3.0,19.0,00:00,47.4,2011-03-19,-0.1,Cloudy (8/8)
Turku Artukainen,2011.0,3.0,20.0,00:00,47.8,2011-03-20,0.4,Cloudy (8/8)
Turku Artukainen,2011.0,3.0,21.0,00:00,47.5,2011-03-21,1.0,Clear (0/8)
Turku Artukainen,2011.0,3.0,22.0,00:00,45.6,2011-03-22,4.2,Clear (0/8)
Turku Artukainen,2011.0,3.0,23.0,00:00,43.3,2011-03-23,2.8,Partly cloudy (5/8)
Turku Artukainen,2011.0,3.0,24.0,00:00,41.6,2011-03-24,0.1,Clear (0/8)
Turku Artukainen,2011.0,3.0,25.0,00:00,42,2011-03-25,-4.7,Partly cloudy (5/8)
Turku Artukainen,2011.0,3.0,26.0,00:00,42,2011-03-26,-3.9,Clear (0/8)
Turku Artukainen,2011.0,3.0,27.0,00:00,42,2011-03-27,-0.6,Mostly cloudy (7/8)
Turku Artukainen,2011.0,3.0,28.0,00:00,44,2011-03-28,-1.4,Cloudy (8/8)
Turku Artukainen,2011.0,3.0,29.0,00:00,42.8,2011-03-29,-2.3,Clear (0/8)
Turku Artukainen,2011.0,3.0,30.0,00:00,44,2011-03-30,-2.5,Mostly cloudy (7/8)
Turku Artukainen,2011.0,3.0,31.0,00:00,44,2011-03-31,-2.2,Clear (0/8)
Turku Artukainen,2011.0,4.0,1.0,00:00,43.4,2011-04-01,0.6,Clear (0/8)
Turku Artukainen,2011.0,4.0,2.0,00:00,41.8,2011-04-02,1.4,Cloudy (8/8)
Turku Artukainen,2011.0,4.0,3.0,00:00,37.7,2011-04-03,2.7,Cloudy (8/8)
Turku Artukainen,2011.0,4.0,4.0,00:00,32.5,2011-04-04,2.6,Mostly cloudy (7/8)
Turku Artukainen,2011.0,4.0,5.0,00:00,29.1,2011-04-05,2.8,Partly cloudy (5/8)
Turku Artukainen,2011.0,4.0,6.0,00:00,25.6,2011-04-06,3.1,Mostly cloudy (7/8)
Turku Artukainen,2011.0,4.0,7.0,00:00,22.3,2011-04-07,1.7,Mostly cloudy (7/8)
Turku Artukainen,2011.0,4.0,8.0,00:00,19,2011-04-08,2.2,Mostly cloudy (7/8)
Turku Artukainen,2011.0,4.0,9.0,00:00,13.6,2011-04-09,3.2,Clear (0/8)
Turku Artukainen,2011.0,4.0,10.0,00:00,8.4,2011-04-10,3.9,Clear (0/8)
Turku Artukainen,2011.0,4.0,11.0,00:00,4.9,2011-04-11,1.8,Mostly cloudy (7/8)
Turku Artukainen,2011.0,4.0,12.0,00:00,0.1,2011-04-12,2.9,Cloudy (8/8)
Turku Artukainen,2011.0,4.0,13.0,00:00,-0.6,2011-04-13,3.6,Partly cloudy (5/8)
Turku Artukainen,2011.0,4.0,14.0,00:00,-0.3,2011-04-14,3.7,Mostly cloudy (7/8)
Turku Artukainen,2011.0,4.0,15.0,00:00,-0.8,2011-04-15,4.8,Clear (0/8)
Turku Artukainen,2011.0,4.0,16.0,00:00,-0.9,2011-04-16,6.7,Mostly cloudy (7/8)
Turku Artukainen,2011.0,4.0,17.0,00:00,-1,2011-04-17,8.6,Clear (0/8)
Turku Artukainen,2011.0,4.0,18.0,00:00,-1,2011-04-18,7.9,Clear (0/8)
Turku Artukainen,2011.0,4.0,19.0,00:00,-1,2011-04-19,4.5,Clear (0/8)
Turku Artukainen,2011.0,4.0,20.0,00:00,-1,2011-04-20,3.8,Mostly cloudy (7/8)
Turku Artukainen,2011.0,4.0,21.0,00:00,-1,2011-04-21,5.6,Clear (0/8)
Turku Artukainen,2011.0,4.0,22.0,00:00,-,2011-04-22,7.3,Clear (0/8)
-,2011.0,4.0,23.0,00:00,-,2011-04-23,7.9,Clear (0/8)
Turku Artukainen,2011.0,4.0,24.0,00:00,-1,2011-04-24,8.2,Clear (0/8)
Turku Artukainen,2011.0,4.0,25.0,00:00,-,2011-04-25,10.1,Clear (0/8)
-,2011.0,4.0,26.0,00:00,-,2011-04-26,10.5,Clear (0/8)
Turku Artukainen,2011.0,4.0,27.0,00:00,-1,2011-04-27,10.7,Mostly cloudy (7/8)
Turku Artukainen,2011.0,4.0,28.0,00:00,-1,2011-04-28,9.3,Clear (0/8)
Turku Artukainen,2011.0,4.0,29.0,00:00,-1,2011-04-29,9.5,Clear (0/8)
Turku Artukainen,2011.0,4.0,30.0,00:00,-1,2011-04-30,7.1,Clear (0/8)
Turku Artukainen,2011.0,5.0,1.0,00:00,-,2011-05-01,4.7,Mostly cloudy (7/8)
-,2011.0,5.0,2.0,00:00,-,2011-05-02,4.9,Mostly cloudy (7/8)
Turku Artukainen,2011.0,5.0,3.0,00:00,-1,2011-05-03,5.4,Mostly cloudy (7/8)
Turku Artukainen,2011.0,5.0,4.0,00:00,-1,2011-05-04,4.8,Mostly cloudy (7/8)
Turku Artukainen,2011.0,5.0,5.0,00:00,-1,2011-05-05,6.7,Cloudy (8/8)
Turku Artukainen,2011.0,5.0,6.0,00:00,-,2011-05-06,5.6,Clear (0/8)
-,2011.0,5.0,7.0,00:00,-,2011-05-07,9.0,Clear (0/8)
-,2011.0,5.0,8.0,00:00,-,2011-05-08,12.6,Clear (0/8)
-,2011.0,5.0,9.0,00:00,-,2011-05-09,13.2,Clear (0/8)
Turku Artukainen,2011.0,5.0,10.0,00:00,-,2011-05-10,15.4,Clear (0/8)
-,2011.0,5.0,11.0,00:00,-,2011-05-11,15.5,Clear (0/8)
Turku Artukainen,2011.0,5.0,12.0,00:00,-,2011-05-12,15.1,Clear (0/8)
-,2011.0,5.0,13.0,00:00,-,2011-05-13,12.6,Cloudy (8/8)
Turku Artukainen,2011.0,5.0,14.0,00:00,-1,2011-05-14,7.6,Mostly cloudy (7/8)
Turku Artukainen,2011.0,5.0,15.0,00:00,-,2011-05-15,8.7,Cloudy (8/8)
-,2011.0,5.0,16.0,00:00,-,2011-05-16,7.8,Mostly cloudy (7/8)
Turku Artukainen,2011.0,5.0,17.0,00:00,-1,2011-05-17,8.8,Cloudy (8/8)
Turku Artukainen,2011.0,5.0,18.0,00:00,-,2011-05-18,10.0,Mostly cloudy (7/8)
-,2011.0,5.0,19.0,00:00,-,2011-05-19,9.6,Mostly cloudy (7/8)
Turku Artukainen,2011.0,5.0,20.0,00:00,-1,2011-05-20,11.7,Clear (0/8)
Turku Artukainen,2011.0,5.0,21.0,00:00,-1,2011-05-21,11.6,Clear (0/8)
Turku Artukainen,2011.0,5.0,22.0,00:00,-1,2011-05-22,13.4,Mostly clear (3/8)
Turku Artukainen,2011.0,5.0,23.0,00:00,-1,2011-05-23,11.8,Clear (0/8)
Turku Artukainen,2011.0,5.0,24.0,00:00,-1,2011-05-24,10.9,Clear (0/8)
Turku Artukainen,2011.0,5.0,25.0,00:00,-1,2011-05-25,10.6,Mostly clear (2/8)
Turku Artukainen,2011.0,5.0,26.0,00:00,-,2011-05-26,10.6,Mostly clear (3/8)
-,2011.0,5.0,27.0,00:00,-,2011-05-27,9.5,Clear (0/8)
Turku Artukainen,2011.0,5.0,28.0,00:00,-1,2011-05-28,10.3,Partly cloudy (4/8)
Turku Artukainen,2011.0,5.0,29.0,00:00,-1,2011-05-29,8.4,Mostly clear (3/8)
Turku Artukainen,2011.0,5.0,30.0,00:00,-1,2011-05-30,12.0,Mostly clear (2/8)
Turku Artukainen,2011.0,5.0,31.0,00:00,-1,2011-05-31,17.2,Clear (0/8)
Turku Artukainen,2011.0,6.0,1.0,00:00,-1,2011-06-01,17.9,Clear (1/8)
Turku Artukainen,2011.0,6.0,2.0,00:00,-1,2011-06-02,13.1,Cloudy (8/8)
Turku Artukainen,2011.0,6.0,3.0,00:00,-1,2011-06-03,15.7,Clear (0/8)
Turku Artukainen,2011.0,6.0,4.0,00:00,-1,2011-06-04,16.9,Clear (0/8)
Turku Artukainen,2011.0,6.0,5.0,00:00,-1,2011-06-05,14.7,Cloudy (8/8)
Turku Artukainen,2011.0,6.0,6.0,00:00,-1,2011-06-06,19.9,Clear (1/8)
Turku Artukainen,2011.0,6.0,7.0,00:00,-1,2011-06-07,23.8,Clear (0/8)
Turku Artukainen,2011.0,6.0,8.0,00:00,-1,2011-06-08,24.0,Partly cloudy (4/8)
Turku Artukainen,2011.0,6.0,9.0,00:00,-1,2011-06-09,22.8,Clear (0/8)
Turku Artukainen,2011.0,6.0,10.0,00:00,-1,2011-06-10,24.4,Clear (0/8)
Turku Artukainen,2011.0,6.0,11.0,00:00,-1,2011-06-11,23.9,Partly cloudy (5/8)
Turku Artukainen,2011.0,6.0,12.0,00:00,-1,2011-06-12,22.0,Clear (0/8)
Turku Artukainen,2011.0,6.0,13.0,00:00,-1,2011-06-13,15.3,Clear (0/8)
Turku Artukainen,2011.0,6.0,14.0,00:00,-1,2011-06-14,13.7,Mostly cloudy (7/8)
Turku Artukainen,2011.0,6.0,15.0,00:00,-1,2011-06-15,13.4,Mostly cloudy (7/8)
Turku Artukainen,2011.0,6.0,16.0,00:00,-1,2011-06-16,15.2,Mostly cloudy (7/8)
Turku Artukainen,2011.0,6.0,17.0,00:00,-1,2011-06-17,14.9,Clear (1/8)
Turku Artukainen,2011.0,6.0,18.0,00:00,-1,2011-06-18,13.7,-
Turku Artukainen,2011.0,6.0,19.0,00:00,-1,2011-06-19,12.7,-
Turku Artukainen,2011.0,6.0,20.0,00:00,-1,2011-06-20,14.5,Mostly cloudy (7/8)
Turku Artukainen,2011.0,6.0,21.0,00:00,-1,2011-06-21,15.5,-
Turku Artukainen,2011.0,6.0,22.0,00:00,-1,2011-06-22,15.3,Mostly clear (3/8)
Turku Artukainen,2011.0,6.0,23.0,00:00,-1,2011-06-23,14.3,Mostly cloudy (7/8)
Turku Artukainen,2011.0,6.0,24.0,00:00,-1,2011-06-24,15.4,Mostly cloudy (7/8)
Turku Artukainen,2011.0,6.0,25.0,00:00,-1,2011-06-25,15.2,Clear (0/8)
Turku Artukainen,2011.0,6.0,26.0,00:00,-1,2011-06-26,15.7,Mostly cloudy (6/8)
Turku Artukainen,2011.0,6.0,27.0,00:00,-1,2011-06-27,16.9,Mostly cloudy (7/8)
Turku Artukainen,2011.0,6.0,28.0,00:00,-1,2011-06-28,20.1,Clear (0/8)
Turku Artukainen,2011.0,6.0,29.0,00:00,-1,2011-06-29,21.9,Clear (0/8)
Turku Artukainen,2011.0,6.0,30.0,00:00,-1,2011-06-30,22.4,-
Turku Artukainen,2011.0,7.0,1.0,00:00,-1,2011-07-01,23.9,Clear (0/8)
Turku Artukainen,2011.0,7.0,2.0,00:00,-1,2011-07-02,24.2,Mostly cloudy (7/8)
Turku Artukainen,2011.0,7.0,3.0,00:00,-1,2011-07-03,21.7,Clear (0/8)
Turku Artukainen,2011.0,7.0,4.0,00:00,-1,2011-07-04,19.2,-
Turku Artukainen,2011.0,7.0,5.0,00:00,-1,2011-07-05,18.4,-
Turku Artukainen,2011.0,7.0,6.0,00:00,-1,2011-07-06,18.8,Clear (0/8)
Turku Artukainen,2011.0,7.0,7.0,00:00,-1,2011-07-07,21.6,Clear (0/8)
Turku Artukainen,2011.0,7.0,8.0,00:00,-1,2011-07-08,22.8,Clear (0/8)
Turku Artukainen,2011.0,7.0,9.0,00:00,-1,2011-07-09,22.7,-
Turku Artukainen,2011.0,7.0,10.0,00:00,-1,2011-07-10,21.9,-
Turku Artukainen,2011.0,7.0,11.0,00:00,-1,2011-07-11,21.2,Clear (1/8)
Turku Artukainen,2011.0,7.0,12.0,00:00,-1,2011-07-12,18.3,Mostly cloudy (7/8)
Turku Artukainen,2011.0,7.0,13.0,00:00,-1,2011-07-13,15.0,Clear (0/8)
Turku Artukainen,2011.0,7.0,14.0,00:00,-1,2011-07-14,16.6,Clear (0/8)
Turku Artukainen,2011.0,7.0,15.0,00:00,-1,2011-07-15,15.8,Mostly cloudy (7/8)
Turku Artukainen,2011.0,7.0,16.0,00:00,-1,2011-07-16,16.9,Mostly cloudy (7/8)
Turku Artukainen,2011.0,7.0,17.0,00:00,-1,2011-07-17,17.8,-
Turku Artukainen,2011.0,7.0,18.0,00:00,-1,2011-07-18,21.8,Partly cloudy (4/8)
Turku Artukainen,2011.0,7.0,19.0,00:00,-1,2011-07-19,19.1,-
Turku Artukainen,2011.0,7.0,20.0,00:00,-1,2011-07-20,20.4,Clear (0/8)
Turku Artukainen,2011.0,7.0,21.0,00:00,-1,2011-07-21,21.1,-
Turku Artukainen,2011.0,7.0,22.0,00:00,-1,2011-07-22,26.3,Partly cloudy (4/8)
Turku Artukainen,2011.0,7.0,23.0,00:00,-1,2011-07-23,21.6,-
Turku Artukainen,2011.0,7.0,24.0,00:00,-1,2011-07-24,19.0,Mostly cloudy (6/8)
Turku Artukainen,2011.0,7.0,25.0,00:00,-1,2011-07-25,19.5,-
Turku Artukainen,2011.0,7.0,26.0,00:00,-1,2011-07-26,21.0,Mostly cloudy (7/8)
Turku Artukainen,2011.0,7.0,27.0,00:00,-1,2011-07-27,23.4,Mostly cloudy (7/8)
Turku Artukainen,2011.0,7.0,28.0,00:00,-1,2011-07-28,22.9,Mostly clear (3/8)
Turku Artukainen,2011.0,7.0,29.0,00:00,-1,2011-07-29,22.7,-
Turku Artukainen,2011.0,7.0,30.0,00:00,-1,2011-07-30,21.9,-
Turku Artukainen,2011.0,7.0,31.0,00:00,-1,2011-07-31,19.2,-
Turku Artukainen,2011.0,8.0,1.0,00:00,-1,2011-08-01,18.6,-
Turku Artukainen,2011.0,8.0,2.0,00:00,-1,2011-08-02,16.1,Mostly clear (3/8)
Turku Artukainen,2011.0,8.0,3.0,00:00,-1,2011-08-03,17.4,Clear (0/8)
Turku Artukainen,2011.0,8.0,4.0,00:00,-1,2011-08-04,18.3,Clear (0/8)
Turku Artukainen,2011.0,8.0,5.0,00:00,-1,2011-08-05,18.9,Clear (0/8)
Turku Artukainen,2011.0,8.0,6.0,00:00,-1,2011-08-06,18.2,-
Turku Artukainen,2011.0,8.0,7.0,00:00,-1,2011-08-07,19.8,Partly cloudy (5/8)
Turku Artukainen,2011.0,8.0,8.0,00:00,-1,2011-08-08,18.4,-
Turku Artukainen,2011.0,8.0,9.0,00:00,-1,2011-08-09,15.1,Clear (1/8)
Turku Artukainen,2011.0,8.0,10.0,00:00,-1,2011-08-10,15.6,-
Turku Artukainen,2011.0,8.0,11.0,00:00,-1,2011-08-11,14.6,Mostly cloudy (7/8)
Turku Artukainen,2011.0,8.0,12.0,00:00,-1,2011-08-12,15.5,Mostly cloudy (7/8)
Turku Artukainen,2011.0,8.0,13.0,00:00,-1,2011-08-13,16.7,Mostly cloudy (7/8)
Turku Artukainen,2011.0,8.0,14.0,00:00,-1,2011-08-14,17.2,Mostly clear (3/8)
Turku Artukainen,2011.0,8.0,15.0,00:00,-1,2011-08-15,18.1,-
Turku Artukainen,2011.0,8.0,16.0,00:00,-1,2011-08-16,17.8,-
Turku Artukainen,2011.0,8.0,17.0,00:00,-1,2011-08-17,16.1,Clear (1/8)
Turku Artukainen,2011.0,8.0,18.0,00:00,-1,2011-08-18,16.1,-
Turku Artukainen,2011.0,8.0,19.0,00:00,-1,2011-08-19,17.0,Partly cloudy (4/8)
Turku Artukainen,2011.0,8.0,20.0,00:00,-1,2011-08-20,18.6,Mostly cloudy (7/8)
Turku Artukainen,2011.0,8.0,21.0,00:00,-1,2011-08-21,17.1,-
Turku Artukainen,2011.0,8.0,22.0,00:00,-1,2011-08-22,16.1,-
Turku Artukainen,2011.0,8.0,23.0,00:00,-1,2011-08-23,16.6,Mostly cloudy (7/8)
Turku Artukainen,2011.0,8.0,24.0,00:00,-1,2011-08-24,16.4,Clear (0/8)
Turku Artukainen,2011.0,8.0,25.0,00:00,-1,2011-08-25,17.4,Clear (0/8)
Turku Artukainen,2011.0,8.0,26.0,00:00,-1,2011-08-26,20.0,Mostly cloudy (7/8)
Turku Artukainen,2011.0,8.0,27.0,00:00,-1,2011-08-27,21.7,-
Turku Artukainen,2011.0,8.0,28.0,00:00,-1,2011-08-28,19.3,-
Turku Artukainen,2011.0,8.0,29.0,00:00,-1,2011-08-29,14.3,Clear (0/8)
Turku Artukainen,2011.0,8.0,30.0,00:00,-1,2011-08-30,14.5,-
Turku Artukainen,2011.0,8.0,31.0,00:00,-1,2011-08-31,13.2,Mostly cloudy (7/8)
Turku Artukainen,2011.0,9.0,1.0,00:00,-1,2011-09-01,13.0,Clear (0/8)
Turku Artukainen,2011.0,9.0,2.0,00:00,-1,2011-09-02,13.4,Partly cloudy (5/8)
Turku Artukainen,2011.0,9.0,3.0,00:00,-1,2011-09-03,13.1,-
Turku Artukainen,2011.0,9.0,4.0,00:00,-1,2011-09-04,14.5,Clear (0/8)
Turku Artukainen,2011.0,9.0,5.0,00:00,-1,2011-09-05,17.5,Mostly cloudy (7/8)
Turku Artukainen,2011.0,9.0,6.0,00:00,-1,2011-09-06,16.3,Clear (0/8)
Turku Artukainen,2011.0,9.0,7.0,00:00,-1,2011-09-07,14.8,Mostly cloudy (7/8)
Turku Artukainen,2011.0,9.0,8.0,00:00,-1,2011-09-08,13.9,Mostly cloudy (6/8)
Turku Artukainen,2011.0,9.0,9.0,00:00,-1,2011-09-09,12.7,Clear (0/8)
Turku Artukainen,2011.0,9.0,10.0,00:00,-1,2011-09-10,12.7,Clear (0/8)
Turku Artukainen,2011.0,9.0,11.0,00:00,-1,2011-09-11,13.7,Clear (0/8)
Turku Artukainen,2011.0,9.0,12.0,00:00,-1,2011-09-12,16.0,-
Turku Artukainen,2011.0,9.0,13.0,00:00,-1,2011-09-13,14.8,Mostly cloudy (7/8)
Turku Artukainen,2011.0,9.0,14.0,00:00,-1,2011-09-14,13.6,Mostly cloudy (7/8)
Turku Artukainen,2011.0,9.0,15.0,00:00,-1,2011-09-15,12.7,-
Turku Artukainen,2011.0,9.0,16.0,00:00,-1,2011-09-16,12.8,Mostly cloudy (7/8)
Turku Artukainen,2011.0,9.0,17.0,00:00,-1,2011-09-17,12.1,Mostly cloudy (7/8)
Turku Artukainen,2011.0,9.0,18.0,00:00,-1,2011-09-18,10.6,Mostly cloudy (7/8)
Turku Artukainen,2011.0,9.0,19.0,00:00,-1,2011-09-19,12.3,Mostly cloudy (7/8)
Turku Artukainen,2011.0,9.0,20.0,00:00,-1,2011-09-20,14.0,Cloudy (8/8)
Turku Artukainen,2011.0,9.0,21.0,00:00,-1,2011-09-21,13.3,-
Turku Artukainen,2011.0,9.0,22.0,00:00,-1,2011-09-22,13.1,-
Turku Artukainen,2011.0,9.0,23.0,00:00,-1,2011-09-23,11.8,Partly cloudy (4/8)
Turku Artukainen,2011.0,9.0,24.0,00:00,-1,2011-09-24,9.9,Mostly cloudy (7/8)
Turku Artukainen,2011.0,9.0,25.0,00:00,-1,2011-09-25,10.6,Mostly cloudy (7/8)
Turku Artukainen,2011.0,9.0,26.0,00:00,-1,2011-09-26,13.5,Mostly cloudy (7/8)
Turku Artukainen,2011.0,9.0,27.0,00:00,-1,2011-09-27,12.6,Mostly cloudy (7/8)
Turku Artukainen,2011.0,9.0,28.0,00:00,-1,2011-09-28,10.4,Clear (0/8)
Turku Artukainen,2011.0,9.0,29.0,00:00,-1,2011-09-29,12.4,Mostly clear (2/8)
Turku Artukainen,2011.0,9.0,30.0,00:00,-1,2011-09-30,16.2,Mostly cloudy (7/8)
Turku Artukainen,2011.0,10.0,1.0,00:00,-1,2011-10-01,9.9,Clear (0/8)
Turku Artukainen,2011.0,10.0,2.0,00:00,-1,2011-10-02,10.1,-
Turku Artukainen,2011.0,10.0,3.0,00:00,-1,2011-10-03,10.7,Mostly cloudy (7/8)
Turku Artukainen,2011.0,10.0,4.0,00:00,-1,2011-10-04,12.2,Mostly cloudy (7/8)
Turku Artukainen,2011.0,10.0,5.0,00:00,-1,2011-10-05,10.8,Mostly cloudy (7/8)
Turku Artukainen,2011.0,10.0,6.0,00:00,-1,2011-10-06,12.9,Mostly cloudy (7/8)
Turku Artukainen,2011.0,10.0,7.0,00:00,-1,2011-10-07,10.2,Mostly cloudy (7/8)
Turku Artukainen,2011.0,10.0,8.0,00:00,-1,2011-10-08,7.9,Clear (0/8)
Turku Artukainen,2011.0,10.0,9.0,00:00,-1,2011-10-09,6.9,Clear (0/8)
Turku Artukainen,2011.0,10.0,10.0,00:00,-1,2011-10-10,8.6,-
Turku Artukainen,2011.0,10.0,11.0,00:00,-1,2011-10-11,6.3,Partly cloudy (5/8)
Turku Artukainen,2011.0,10.0,12.0,00:00,-1,2011-10-12,5.7,Mostly cloudy (7/8)
Turku Artukainen,2011.0,10.0,13.0,00:00,-1,2011-10-13,5.7,Mostly clear (2/8)
Turku Artukainen,2011.0,10.0,14.0,00:00,-1,2011-10-14,3.4,Mostly cloudy (7/8)
Turku Artukainen,2011.0,10.0,15.0,00:00,-1,2011-10-15,6.2,Clear (0/8)
Turku Artukainen,2011.0,10.0,16.0,00:00,-1,2011-10-16,7.5,Mostly clear (3/8)
Turku Artukainen,2011.0,10.0,17.0,00:00,-1,2011-10-17,8.6,-
Turku Artukainen,2011.0,10.0,18.0,00:00,-1,2011-10-18,9.9,Mostly cloudy (7/8)
Turku Artukainen,2011.0,10.0,19.0,00:00,-1,2011-10-19,8.0,-
Turku Artukainen,2011.0,10.0,20.0,00:00,-1,2011-10-20,6.9,-
Turku Artukainen,2011.0,10.0,21.0,00:00,-1,2011-10-21,4.9,Mostly cloudy (7/8)
Turku Artukainen,2011.0,10.0,22.0,00:00,-0.8,2011-10-22,7.7,Clear (0/8)
Turku Artukainen,2011.0,10.0,23.0,00:00,-0.7,2011-10-23,8.2,Clear (0/8)
Turku Artukainen,2011.0,10.0,24.0,00:00,-0.5,2011-10-24,7.9,Clear (0/8)
Turku Artukainen,2011.0,10.0,25.0,00:00,-0.5,2011-10-25,7.4,Mostly cloudy (7/8)
Turku Artukainen,2011.0,10.0,26.0,00:00,-0.5,2011-10-26,4.9,-
Turku Artukainen,2011.0,10.0,27.0,00:00,-0.5,2011-10-27,7.3,Cloudy (8/8)
Turku Artukainen,2011.0,10.0,28.0,00:00,-0.5,2011-10-28,9.0,Cloudy (8/8)
Turku Artukainen,2011.0,10.0,29.0,00:00,-0.5,2011-10-29,8.5,Mostly cloudy (7/8)
Turku Artukainen,2011.0,10.0,30.0,00:00,-0.5,2011-10-30,8.6,Mostly cloudy (7/8)
Turku Artukainen,2011.0,10.0,31.0,00:00,-0.7,2011-10-31,9.1,Mostly cloudy (7/8)
Turku Artukainen,2011.0,11.0,1.0,00:00,-1,2011-11-01,9.4,Mostly cloudy (7/8)
Turku Artukainen,2011.0,11.0,2.0,00:00,-1,2011-11-02,10.3,Mostly cloudy (7/8)
Turku Artukainen,2011.0,11.0,3.0,00:00,-1,2011-11-03,8.7,Mostly cloudy (7/8)
Turku Artukainen,2011.0,11.0,4.0,00:00,-1,2011-11-04,8.3,Mostly cloudy (7/8)
Turku Artukainen,2011.0,11.0,5.0,00:00,-1,2011-11-05,6.8,Cloudy (8/8)
Turku Artukainen,2011.0,11.0,6.0,00:00,-,2011-11-06,7.9,Mostly cloudy (7/8)
-,2011.0,11.0,7.0,00:00,-,2011-11-07,8.0,Mostly cloudy (7/8)
-,2011.0,11.0,8.0,00:00,-,2011-11-08,7.1,-
Turku Artukainen,2011.0,11.0,9.0,00:00,-1,2011-11-09,2.0,Cloudiness cannot be determined (9/8)
Turku Artukainen,2011.0,11.0,10.0,00:00,-1,2011-11-10,2.7,Clear (0/8)
Turku Artukainen,2011.0,11.0,11.0,00:00,-1,2011-11-11,5.7,-
Turku Artukainen,2011.0,11.0,12.0,00:00,-,2011-11-12,5.4,Mostly cloudy (7/8)
-,2011.0,11.0,13.0,00:00,-,2011-11-13,5.4,Mostly cloudy (7/8)
Turku Artukainen,2011.0,11.0,14.0,00:00,-1,2011-11-14,6.7,Clear (0/8)
Turku Artukainen,2011.0,11.0,15.0,00:00,-1,2011-11-15,1.3,Mostly cloudy (7/8)
Turku Artukainen,2011.0,11.0,16.0,00:00,-1,2011-11-16,3.7,Clear (0/8)
Turku Artukainen,2011.0,11.0,17.0,00:00,-1,2011-11-17,5.0,Clear (0/8)
Turku Artukainen,2011.0,11.0,18.0,00:00,-1,2011-11-18,5.3,Cloudy (8/8)
Turku Artukainen,2011.0,11.0,19.0,00:00,-,2011-11-19,4.1,Cloudy (8/8)
-,2011.0,11.0,20.0,00:00,-,2011-11-20,-2.6,Clear (0/8)
Turku Artukainen,2011.0,11.0,21.0,00:00,-,2011-11-21,2.7,Mostly cloudy (7/8)
-,2011.0,11.0,22.0,00:00,-,2011-11-22,2.5,Mostly cloudy (7/8)
Turku Artukainen,2011.0,11.0,23.0,00:00,-1,2011-11-23,5.5,Mostly cloudy (7/8)
Turku Artukainen,2011.0,11.0,24.0,00:00,-1,2011-11-24,6.2,Mostly cloudy (7/8)
Turku Artukainen,2011.0,11.0,25.0,00:00,-1,2011-11-25,7.6,-
Turku Artukainen,2011.0,11.0,26.0,00:00,-1,2011-11-26,5.3,-
Turku Artukainen,2011.0,11.0,27.0,00:00,-1,2011-11-27,6.8,Mostly cloudy (7/8)
Turku Artukainen,2011.0,11.0,28.0,00:00,-1,2011-11-28,3.7,Mostly cloudy (7/8)
Turku Artukainen,2011.0,11.0,29.0,00:00,-1,2011-11-29,3.6,Clear (1/8)
Turku Artukainen,2011.0,11.0,30.0,00:00,-1,2011-11-30,6.9,-
Turku Artukainen,2011.0,12.0,1.0,00:00,-1,2011-12-01,5.3,Clear (0/8)
Turku Artukainen,2011.0,12.0,2.0,00:00,-1,2011-12-02,5.0,Mostly cloudy (7/8)
Turku Artukainen,2011.0,12.0,3.0,00:00,-1,2011-12-03,3.4,-
Turku Artukainen,2011.0,12.0,4.0,00:00,-1,2011-12-04,5.0,-
Turku Artukainen,2011.0,12.0,5.0,00:00,-1,2011-12-05,2.6,Mostly cloudy (7/8)
Turku Artukainen,2011.0,12.0,6.0,00:00,-0.9,2011-12-06,1.1,Mostly cloudy (7/8)
Turku Artukainen,2011.0,12.0,7.0,00:00,-0.7,2011-12-07,0.1,-
Turku Artukainen,2011.0,12.0,8.0,00:00,-0.6,2011-12-08,0.5,Cloudy (8/8)
Turku Artukainen,2011.0,12.0,9.0,00:00,0.4,2011-12-09,1.7,-
Turku Artukainen,2011.0,12.0,10.0,00:00,-0.6,2011-12-10,2.2,-
Turku Artukainen,2011.0,12.0,11.0,00:00,-1,2011-12-11,1.2,Mostly cloudy (7/8)
Turku Artukainen,2011.0,12.0,12.0,00:00,-1,2011-12-12,1.6,Mostly cloudy (7/8)
Turku Artukainen,2011.0,12.0,13.0,00:00,-1,2011-12-13,4.2,Cloudy (8/8)
Turku Artukainen,2011.0,12.0,14.0,00:00,-1,2011-12-14,5.0,Mostly cloudy (7/8)
Turku Artukainen,2011.0,12.0,15.0,00:00,-1,2011-12-15,3.9,Mostly cloudy (7/8)
Turku Artukainen,2011.0,12.0,16.0,00:00,-1,2011-12-16,3.6,Partly cloudy (5/8)
Turku Artukainen,2011.0,12.0,17.0,00:00,-0.8,2011-12-17,1.8,-
Turku Artukainen,2011.0,12.0,18.0,00:00,-0.9,2011-12-18,2.4,Mostly cloudy (7/8)
Turku Artukainen,2011.0,12.0,19.0,00:00,-1,2011-12-19,2.2,Mostly cloudy (7/8)
Turku Artukainen,2011.0,12.0,20.0,00:00,-1,2011-12-20,1.9,Mostly cloudy (7/8)
Turku Artukainen,2011.0,12.0,21.0,00:00,-1,2011-12-21,0.3,Mostly cloudy (7/8)
Turku Artukainen,2011.0,12.0,22.0,00:00,-1,2011-12-22,-0.5,-
Turku Artukainen,2011.0,12.0,23.0,00:00,-1,2011-12-23,3.4,Clear (1/8)
Turku Artukainen,2011.0,12.0,24.0,00:00,-1,2011-12-24,3.7,Mostly cloudy (7/8)
Turku Artukainen,2011.0,12.0,25.0,00:00,-1,2011-12-25,3.0,Clear (0/8)
Turku Artukainen,2011.0,12.0,26.0,00:00,-1,2011-12-26,6.7,Mostly cloudy (7/8)
Turku Artukainen,2011.0,12.0,27.0,00:00,-1,2011-12-27,6.1,-
Turku Artukainen,2011.0,12.0,28.0,00:00,-1,2011-12-28,2.3,-
Turku Artukainen,2011.0,12.0,29.0,00:00,-1,2011-12-29,5.1,Mostly cloudy (7/8)
Turku Artukainen,2011.0,12.0,30.0,00:00,-1,2011-12-30,1.7,Mostly cloudy (7/8)
Turku Artukainen,2011.0,12.0,31.0,00:00,-1,2011-12-31,-0.6,Mostly cloudy (7/8)
Turku Artukainen,2012.0,1.0,1.0,00:00,0,2012-01-01,-2.1,Mostly cloudy (7/8)
Turku Artukainen,2012.0,1.0,2.0,00:00,0.7,2012-01-02,0.7,-
Turku Artukainen,2012.0,1.0,3.0,00:00,-0.3,2012-01-03,3.1,Mostly cloudy (7/8)
Turku Artukainen,2012.0,1.0,4.0,00:00,-0.8,2012-01-04,2.9,-
Turku Artukainen,2012.0,1.0,5.0,00:00,-1,2012-01-05,0.4,Mostly cloudy (7/8)
Turku Artukainen,2012.0,1.0,6.0,00:00,-1,2012-01-06,-1.6,-
Turku Artukainen,2012.0,1.0,7.0,00:00,3.4,2012-01-07,-3.7,-
Turku Artukainen,2012.0,1.0,8.0,00:00,4,2012-01-08,-9.4,-
Turku Artukainen,2012.0,1.0,9.0,00:00,4,2012-01-09,-9.7,Mostly cloudy (7/8)
Turku Artukainen,2012.0,1.0,10.0,00:00,4.7,2012-01-10,-6.6,-
Turku Artukainen,2012.0,1.0,11.0,00:00,5,2012-01-11,0.7,Mostly cloudy (7/8)
Turku Artukainen,2012.0,1.0,12.0,00:00,3.5,2012-01-12,1.3,Clear (0/8)
Turku Artukainen,2012.0,1.0,13.0,00:00,5.6,2012-01-13,-1.8,Mostly cloudy (7/8)
Turku Artukainen,2012.0,1.0,14.0,00:00,7.5,2012-01-14,-4.6,Mostly cloudy (7/8)
Turku Artukainen,2012.0,1.0,15.0,00:00,7,2012-01-15,-9.7,Cloudy (8/8)
Turku Artukainen,2012.0,1.0,16.0,00:00,7.6,2012-01-16,-9.8,Clear (0/8)
Turku Artukainen,2012.0,1.0,17.0,00:00,8.2,2012-01-17,-3.1,-
Turku Artukainen,2012.0,1.0,18.0,00:00,9,2012-01-18,-3.1,Mostly cloudy (7/8)
Turku Artukainen,2012.0,1.0,19.0,00:00,11.8,2012-01-19,-0.3,Mostly cloudy (7/8)
Turku Artukainen,2012.0,1.0,20.0,00:00,13.5,2012-01-20,0.0,Mostly cloudy (7/8)
Turku Artukainen,2012.0,1.0,21.0,00:00,13.9,2012-01-21,-2.6,Mostly cloudy (7/8)
Turku Artukainen,2012.0,1.0,22.0,00:00,14,2012-01-22,-2.9,-
Turku Artukainen,2012.0,1.0,23.0,00:00,14.6,2012-01-23,-3.0,Mostly cloudy (7/8)
Turku Artukainen,2012.0,1.0,24.0,00:00,15,2012-01-24,-7.4,Mostly cloudy (7/8)
Turku Artukainen,2012.0,1.0,25.0,00:00,15,2012-01-25,-7.8,-
Turku Artukainen,2012.0,1.0,26.0,00:00,14.5,2012-01-26,-5.8,Mostly cloudy (7/8)
Turku Artukainen,2012.0,1.0,27.0,00:00,14.9,2012-01-27,-8.4,-
Turku Artukainen,2012.0,1.0,28.0,00:00,15,2012-01-28,-7.7,Mostly cloudy (7/8)
Turku Artukainen,2012.0,1.0,29.0,00:00,15,2012-01-29,-9.3,Mostly cloudy (6/8)
Turku Artukainen,2012.0,1.0,30.0,00:00,15,2012-01-30,-9.8,Mostly cloudy (7/8)
Turku Artukainen,2012.0,1.0,31.0,00:00,15,2012-01-31,-12.3,-
Turku Artukainen,2012.0,2.0,1.0,00:00,15,2012-02-01,-14.4,Clear (0/8)
Turku Artukainen,2012.0,2.0,2.0,00:00,14.8,2012-02-02,-19.9,Clear (0/8)
Turku Artukainen,2012.0,2.0,3.0,00:00,14,2012-02-03,-19.0,Mostly clear (2/8)
Turku Artukainen,2012.0,2.0,4.0,00:00,14,2012-02-04,-19.0,Clear (0/8)
Turku Artukainen,2012.0,2.0,5.0,00:00,14.4,2012-02-05,-12.0,Mostly cloudy (7/8)
Turku Artukainen,2012.0,2.0,6.0,00:00,16.4,2012-02-06,-4.4,-
Turku Artukainen,2012.0,2.0,7.0,00:00,17,2012-02-07,-5.7,Mostly cloudy (7/8)
Turku Artukainen,2012.0,2.0,8.0,00:00,17.5,2012-02-08,-13.4,Clear (0/8)
Turku Artukainen,2012.0,2.0,9.0,00:00,17.6,2012-02-09,-14.8,Cloudy (8/8)
Turku Artukainen,2012.0,2.0,10.0,00:00,17.6,2012-02-10,-16.0,-
Turku Artukainen,2012.0,2.0,11.0,00:00,17.2,2012-02-11,-3.9,Cloudy (8/8)
Turku Artukainen,2012.0,2.0,12.0,00:00,19.5,2012-02-12,-2.1,Cloudy (8/8)
Turku Artukainen,2012.0,2.0,13.0,00:00,20.6,2012-02-13,-4.4,Mostly cloudy (7/8)
Turku Artukainen,2012.0,2.0,14.0,00:00,20.3,2012-02-14,-1.9,Mostly cloudy (7/8)
Turku Artukainen,2012.0,2.0,15.0,00:00,22.5,2012-02-15,-2.2,Mostly cloudy (7/8)
Turku Artukainen,2012.0,2.0,16.0,00:00,23,2012-02-16,-5.3,Mostly cloudy (7/8)
Turku Artukainen,2012.0,2.0,17.0,00:00,26.7,2012-02-17,-1.5,Mostly cloudy (7/8)
Turku Artukainen,2012.0,2.0,18.0,00:00,28.2,2012-02-18,-2.1,-
Turku Artukainen,2012.0,2.0,19.0,00:00,32.4,2012-02-19,-0.6,Cloudy (8/8)
Turku Artukainen,2012.0,2.0,20.0,00:00,33.1,2012-02-20,-1.5,Mostly cloudy (7/8)
Turku Artukainen,2012.0,2.0,21.0,00:00,35.5,2012-02-21,1.2,Mostly cloudy (7/8)
Turku Artukainen,2012.0,2.0,22.0,00:00,35.6,2012-02-22,-0.5,Clear (0/8)
Turku Artukainen,2012.0,2.0,23.0,00:00,32.1,2012-02-23,1.6,Cloudy (8/8)
Turku Artukainen,2012.0,2.0,24.0,00:00,29.3,2012-02-24,-0.4,-
Turku Artukainen,2012.0,2.0,25.0,00:00,28.3,2012-02-25,-1.3,Cloudiness cannot be determined (9/8)
Turku Artukainen,2012.0,2.0,26.0,00:00,29.8,2012-02-26,-4.2,Mostly cloudy (7/8)
Turku Artukainen,2012.0,2.0,27.0,00:00,29.5,2012-02-27,-5.8,Clear (0/8)
Turku Artukainen,2012.0,2.0,28.0,00:00,33.5,2012-02-28,-0.6,Clear (0/8)
Turku Artukainen,2012.0,2.0,29.0,00:00,34.8,2012-02-29,-0.6,Mostly clear (3/8)
Turku Artukainen,2012.0,3.0,1.0,00:00,33.8,2012-03-01,1.2,Clear (0/8)
Turku Artukainen,2012.0,3.0,2.0,00:00,31.9,2012-03-02,2.1,Cloudiness cannot be determined (9/8)
Turku Artukainen,2012.0,3.0,3.0,00:00,31.5,2012-03-03,-0.1,Clear (0/8)
Turku Artukainen,2012.0,3.0,4.0,00:00,31,2012-03-04,-4.1,-
Turku Artukainen,2012.0,3.0,5.0,00:00,31.3,2012-03-05,-5.6,Clear (0/8)
Turku Artukainen,2012.0,3.0,6.0,00:00,31.8,2012-03-06,-7.7,Clear (0/8)
Turku Artukainen,2012.0,3.0,7.0,00:00,31.8,2012-03-07,-6.9,Clear (0/8)
Turku Artukainen,2012.0,3.0,8.0,00:00,31.9,2012-03-08,-4.1,Mostly cloudy (7/8)
Turku Artukainen,2012.0,3.0,9.0,00:00,31.5,2012-03-09,0.1,Mostly cloudy (7/8)
Turku Artukainen,2012.0,3.0,10.0,00:00,29.5,2012-03-10,2.1,Cloudy (8/8)
Turku Artukainen,2012.0,3.0,11.0,00:00,27.1,2012-03-11,2.2,Cloudiness cannot be determined (9/8)
Turku Artukainen,2012.0,3.0,12.0,00:00,26.1,2012-03-12,5.4,Mostly cloudy (7/8)
Turku Artukainen,2012.0,3.0,13.0,00:00,26.2,2012-03-13,3.3,Mostly cloudy (7/8)
Turku Artukainen,2012.0,3.0,14.0,00:00,25.4,2012-03-14,0.0,Clear (0/8)
Turku Artukainen,2012.0,3.0,15.0,00:00,24.9,2012-03-15,-0.5,-
Turku Artukainen,2012.0,3.0,16.0,00:00,23.1,2012-03-16,1.9,Cloudiness cannot be determined (9/8)
Turku Artukainen,2012.0,3.0,17.0,00:00,21.9,2012-03-17,1.7,-
Turku Artukainen,2012.0,3.0,18.0,00:00,20.5,2012-03-18,1.4,-
Turku Artukainen,2012.0,3.0,19.0,00:00,19.5,2012-03-19,2.0,Cloudiness cannot be determined (9/8)
Turku Artukainen,2012.0,3.0,20.0,00:00,18.5,2012-03-20,1.5,Cloudy (8/8)
Turku Artukainen,2012.0,3.0,21.0,00:00,17.6,2012-03-21,3.9,-
Turku Artukainen,2012.0,3.0,22.0,00:00,14.9,2012-03-22,6.4,Mostly cloudy (7/8)
Turku Artukainen,2012.0,3.0,23.0,00:00,9.7,2012-03-23,4.4,Mostly cloudy (7/8)
Turku Artukainen,2012.0,3.0,24.0,00:00,5.7,2012-03-24,3.8,-
Turku Artukainen,2012.0,3.0,25.0,00:00,1.8,2012-03-25,2.7,Mostly cloudy (7/8)
Turku Artukainen,2012.0,3.0,26.0,00:00,0.1,2012-03-26,2.8,Mostly cloudy (7/8)
Turku Artukainen,2012.0,3.0,27.0,00:00,-0.6,2012-03-27,6.7,Clear (0/8)
Turku Artukainen,2012.0,3.0,28.0,00:00,-1,2012-03-28,4.9,Mostly cloudy (7/8)
Turku Artukainen,2012.0,3.0,29.0,00:00,-1,2012-03-29,3.4,Mostly cloudy (7/8)
Turku Artukainen,2012.0,3.0,30.0,00:00,-0.8,2012-03-30,0.9,-
Turku Artukainen,2012.0,3.0,31.0,00:00,-1,2012-03-31,-0.5,Mostly cloudy (7/8)
Turku Artukainen,2012.0,4.0,1.0,00:00,0,2012-04-01,-0.7,Clear (0/8)
Turku Artukainen,2012.0,4.0,2.0,00:00,2.9,2012-04-02,-1.6,Partly cloudy (4/8)
Turku Artukainen,2012.0,4.0,3.0,00:00,0.7,2012-04-03,-2.2,Clear (1/8)
Turku Artukainen,2012.0,4.0,4.0,00:00,-1,2012-04-04,0.5,Clear (0/8)
Turku Artukainen,2012.0,4.0,5.0,00:00,-1,2012-04-05,3.5,Mostly cloudy (7/8)
Turku Artukainen,2012.0,4.0,6.0,00:00,-1,2012-04-06,1.2,Mostly cloudy (7/8)
Turku Artukainen,2012.0,4.0,7.0,00:00,-1,2012-04-07,-0.3,Mostly cloudy (6/8)
Turku Artukainen,2012.0,4.0,8.0,00:00,-1,2012-04-08,-0.7,-
Turku Artukainen,2012.0,4.0,9.0,00:00,-1,2012-04-09,2.6,Partly cloudy (4/8)
Turku Artukainen,2012.0,4.0,10.0,00:00,-1,2012-04-10,4.7,Mostly cloudy (7/8)
Turku Artukainen,2012.0,4.0,11.0,00:00,-1,2012-04-11,5.7,Mostly cloudy (7/8)
Turku Artukainen,2012.0,4.0,12.0,00:00,-1,2012-04-12,7.3,Mostly cloudy (7/8)
Turku Artukainen,2012.0,4.0,13.0,00:00,-1,2012-04-13,6.2,Mostly cloudy (7/8)
Turku Artukainen,2012.0,4.0,14.0,00:00,-1,2012-04-14,3.5,-
Turku Artukainen,2012.0,4.0,15.0,00:00,-1,2012-04-15,4.3,Cloudy (8/8)
Turku Artukainen,2012.0,4.0,16.0,00:00,-1,2012-04-16,4.8,Clear (0/8)
Turku Artukainen,2012.0,4.0,17.0,00:00,-1,2012-04-17,3.2,Mostly cloudy (7/8)
Turku Artukainen,2012.0,4.0,18.0,00:00,-1,2012-04-18,2.5,Mostly cloudy (7/8)
Turku Artukainen,2012.0,4.0,19.0,00:00,-1,2012-04-19,4.2,-
Turku Artukainen,2012.0,4.0,20.0,00:00,-1,2012-04-20,4.1,Mostly cloudy (7/8)
Turku Artukainen,2012.0,4.0,21.0,00:00,-1,2012-04-21,4.2,Cloudy (8/8)
Turku Artukainen,2012.0,4.0,22.0,00:00,-1,2012-04-22,9.8,Mostly clear (2/8)
Turku Artukainen,2012.0,4.0,23.0,00:00,-1,2012-04-23,7.3,Mostly cloudy (7/8)
Turku Artukainen,2012.0,4.0,24.0,00:00,-1,2012-04-24,6.5,-
Turku Artukainen,2012.0,4.0,25.0,00:00,-1,2012-04-25,8.9,Clear (0/8)
Turku Artukainen,2012.0,4.0,26.0,00:00,-1,2012-04-26,7.3,Mostly cloudy (7/8)
Turku Artukainen,2012.0,4.0,27.0,00:00,-1,2012-04-27,9.0,Mostly cloudy (7/8)
Turku Artukainen,2012.0,4.0,28.0,00:00,-1,2012-04-28,9.6,Mostly clear (2/8)
Turku Artukainen,2012.0,4.0,29.0,00:00,-1,2012-04-29,9.2,Mostly cloudy (7/8)
Turku Artukainen,2012.0,4.0,30.0,00:00,-1,2012-04-30,9.6,Clear (0/8)
Turku Artukainen,2012.0,5.0,1.0,00:00,-1,2012-05-01,7.7,Clear (0/8)
Turku Artukainen,2012.0,5.0,2.0,00:00,-1,2012-05-02,7.5,Clear (0/8)
Turku Artukainen,2012.0,5.0,3.0,00:00,-1,2012-05-03,6.3,Clear (0/8)
Turku Artukainen,2012.0,5.0,4.0,00:00,-1,2012-05-04,8.0,Clear (1/8)
Turku Artukainen,2012.0,5.0,5.0,00:00,-1,2012-05-05,7.1,Mostly cloudy (7/8)
Turku Artukainen,2012.0,5.0,6.0,00:00,-1,2012-05-06,7.0,Clear (0/8)
Turku Artukainen,2012.0,5.0,7.0,00:00,-1,2012-05-07,7.3,Mostly cloudy (7/8)
Turku Artukainen,2012.0,5.0,8.0,00:00,-1,2012-05-08,7.9,Clear (0/8)
Turku Artukainen,2012.0,5.0,9.0,00:00,-1,2012-05-09,11.3,Mostly cloudy (6/8)
Turku Artukainen,2012.0,5.0,10.0,00:00,-1,2012-05-10,11.6,Mostly cloudy (7/8)
Turku Artukainen,2012.0,5.0,11.0,00:00,-1,2012-05-11,10.9,Mostly cloudy (7/8)
Turku Artukainen,2012.0,5.0,12.0,00:00,-1,2012-05-12,7.9,Mostly cloudy (7/8)
Turku Artukainen,2012.0,5.0,13.0,00:00,-1,2012-05-13,7.9,Partly cloudy (5/8)
Turku Artukainen,2012.0,5.0,14.0,00:00,-1,2012-05-14,8.3,Clear (0/8)
Turku Artukainen,2012.0,5.0,15.0,00:00,-1,2012-05-15,10.8,Mostly clear (2/8)
Turku Artukainen,2012.0,5.0,16.0,00:00,-1,2012-05-16,13.5,Clear (0/8)
Turku Artukainen,2012.0,5.0,17.0,00:00,-1,2012-05-17,10.9,Cloudy (8/8)
Turku Artukainen,2012.0,5.0,18.0,00:00,-1,2012-05-18,9.0,Mostly cloudy (7/8)
Turku Artukainen,2012.0,5.0,19.0,00:00,-1,2012-05-19,11.2,Partly cloudy (5/8)
Turku Artukainen,2012.0,5.0,20.0,00:00,-1,2012-05-20,12.5,Mostly cloudy (7/8)
Turku Artukainen,2012.0,5.0,21.0,00:00,-1,2012-05-21,18.1,Mostly cloudy (7/8)
Turku Artukainen,2012.0,5.0,22.0,00:00,-1,2012-05-22,18.9,Clear (0/8)
Turku Artukainen,2012.0,5.0,23.0,00:00,-1,2012-05-23,15.6,Clear (0/8)
Turku Artukainen,2012.0,5.0,24.0,00:00,-1,2012-05-24,13.5,Clear (1/8)
Turku Artukainen,2012.0,5.0,25.0,00:00,-1,2012-05-25,15.9,Clear (0/8)
Turku Artukainen,2012.0,5.0,26.0,00:00,-1,2012-05-26,15.2,Mostly cloudy (7/8)
Turku Artukainen,2012.0,5.0,27.0,00:00,-1,2012-05-27,16.5,Clear (0/8)
Turku Artukainen,2012.0,5.0,28.0,00:00,-1,2012-05-28,12.7,Clear (0/8)
Turku Artukainen,2012.0,5.0,29.0,00:00,-1,2012-05-29,9.7,Mostly clear (2/8)
Turku Artukainen,2012.0,5.0,30.0,00:00,-1,2012-05-30,9.5,Clear (0/8)
Turku Artukainen,2012.0,5.0,31.0,00:00,-1,2012-05-31,9.9,Mostly cloudy (7/8)
Turku Artukainen,2012.0,6.0,1.0,00:00,-1,2012-06-01,9.6,Cloudy (8/8)
Turku Artukainen,2012.0,6.0,2.0,00:00,-1,2012-06-02,8.9,Mostly cloudy (7/8)
Turku Artukainen,2012.0,6.0,3.0,00:00,-1,2012-06-03,7.8,Mostly cloudy (7/8)
Turku Artukainen,2012.0,6.0,4.0,00:00,-1,2012-06-04,10.8,Mostly cloudy (7/8)
Turku Artukainen,2012.0,6.0,5.0,00:00,-1,2012-06-05,10.5,Mostly cloudy (6/8)
Turku Artukainen,2012.0,6.0,6.0,00:00,-1,2012-06-06,11.8,Cloudy (8/8)
Turku Artukainen,2012.0,6.0,7.0,00:00,-1,2012-06-07,12.5,Clear (0/8)
Turku Artukainen,2012.0,6.0,8.0,00:00,-1,2012-06-08,13.6,Clear (0/8)
Turku Artukainen,2012.0,6.0,9.0,00:00,-1,2012-06-09,10.3,Clear (0/8)
Turku Artukainen,2012.0,6.0,10.0,00:00,-1,2012-06-10,13.3,Mostly cloudy (7/8)
Turku Artukainen,2012.0,6.0,11.0,00:00,-1,2012-06-11,14.9,Clear (0/8)
Turku Artukainen,2012.0,6.0,12.0,00:00,-1,2012-06-12,15.9,Clear (0/8)
Turku Artukainen,2012.0,6.0,13.0,00:00,-1,2012-06-13,15.7,Clear (0/8)
Turku Artukainen,2012.0,6.0,14.0,00:00,-1,2012-06-14,13.9,Clear (0/8)
Turku Artukainen,2012.0,6.0,15.0,00:00,-1,2012-06-15,16.2,Clear (0/8)
Turku Artukainen,2012.0,6.0,16.0,00:00,-1,2012-06-16,14.5,Clear (0/8)
Turku Artukainen,2012.0,6.0,17.0,00:00,-1,2012-06-17,13.4,Cloudy (8/8)
Turku Artukainen,2012.0,6.0,18.0,00:00,-1,2012-06-18,16.1,Mostly cloudy (7/8)
Turku Artukainen,2012.0,6.0,19.0,00:00,-1,2012-06-19,13.6,Mostly cloudy (7/8)
Turku Artukainen,2012.0,6.0,20.0,00:00,-1,2012-06-20,13.4,Clear (0/8)
Turku Artukainen,2012.0,6.0,21.0,00:00,-1,2012-06-21,14.8,Clear (0/8)
Turku Artukainen,2012.0,6.0,22.0,00:00,-1,2012-06-22,16.2,Clear (0/8)
Turku Artukainen,2012.0,6.0,23.0,00:00,-1,2012-06-23,13.9,Clear (1/8)
Turku Artukainen,2012.0,6.0,24.0,00:00,-1,2012-06-24,13.9,Cloudy (8/8)
Turku Artukainen,2012.0,6.0,25.0,00:00,-1,2012-06-25,12.8,Clear (1/8)
Turku Artukainen,2012.0,6.0,26.0,00:00,-1,2012-06-26,14.2,Cloudy (8/8)
Turku Artukainen,2012.0,6.0,27.0,00:00,-1,2012-06-27,13.5,Clear (0/8)
Turku Artukainen,2012.0,6.0,28.0,00:00,-1,2012-06-28,13.7,Clear (0/8)
Turku Artukainen,2012.0,6.0,29.0,00:00,-1,2012-06-29,14.1,Clear (0/8)
Turku Artukainen,2012.0,6.0,30.0,00:00,-1,2012-06-30,14.7,Mostly cloudy (7/8)
Turku Artukainen,2012.0,7.0,1.0,00:00,-1,2012-07-01,17.8,Cloudy (8/8)
Turku Artukainen,2012.0,7.0,2.0,00:00,-1,2012-07-02,17.6,Mostly cloudy (7/8)
Turku Artukainen,2012.0,7.0,3.0,00:00,-1,2012-07-03,17.5,Mostly cloudy (7/8)
Turku Artukainen,2012.0,7.0,4.0,00:00,-1,2012-07-04,18.3,Clear (0/8)
Turku Artukainen,2012.0,7.0,5.0,00:00,-1,2012-07-05,20.5,Clear (0/8)
Turku Artukainen,2012.0,7.0,6.0,00:00,-1,2012-07-06,20.9,Clear (0/8)
Turku Artukainen,2012.0,7.0,7.0,00:00,-1,2012-07-07,21.2,Mostly cloudy (7/8)
Turku Artukainen,2012.0,7.0,8.0,00:00,-1,2012-07-08,19.4,Mostly cloudy (7/8)
Turku Artukainen,2012.0,7.0,9.0,00:00,-1,2012-07-09,17.6,Cloudy (8/8)
Turku Artukainen,2012.0,7.0,10.0,00:00,-1,2012-07-10,16.8,Partly cloudy (4/8)
Turku Artukainen,2012.0,7.0,11.0,00:00,-1,2012-07-11,15.7,Cloudy (8/8)
Turku Artukainen,2012.0,7.0,12.0,00:00,-1,2012-07-12,16.3,Clear (0/8)
Turku Artukainen,2012.0,7.0,13.0,00:00,-1,2012-07-13,16.9,Cloudy (8/8)
Turku Artukainen,2012.0,7.0,14.0,00:00,-1,2012-07-14,17.4,Mostly cloudy (7/8)
Turku Artukainen,2012.0,7.0,15.0,00:00,-1,2012-07-15,16.1,Cloudy (8/8)
Turku Artukainen,2012.0,7.0,16.0,00:00,-1,2012-07-16,14.8,Mostly cloudy (7/8)
Turku Artukainen,2012.0,7.0,17.0,00:00,-1,2012-07-17,15.3,Cloudy (8/8)
Turku Artukainen,2012.0,7.0,18.0,00:00,-1,2012-07-18,14.4,Clear (0/8)
Turku Artukainen,2012.0,7.0,19.0,00:00,-1,2012-07-19,16.1,Clear (0/8)
Turku Artukainen,2012.0,7.0,20.0,00:00,-1,2012-07-20,16.0,Clear (0/8)
Turku Artukainen,2012.0,7.0,21.0,00:00,-1,2012-07-21,13.1,Clear (1/8)
Turku Artukainen,2012.0,7.0,22.0,00:00,-1,2012-07-22,15.7,Clear (0/8)
Turku Artukainen,2012.0,7.0,23.0,00:00,-1,2012-07-23,15.6,Mostly cloudy (6/8)
Turku Artukainen,2012.0,7.0,24.0,00:00,-1,2012-07-24,18.6,Mostly cloudy (7/8)
Turku Artukainen,2012.0,7.0,25.0,00:00,-1,2012-07-25,19.9,Mostly cloudy (7/8)
Turku Artukainen,2012.0,7.0,26.0,00:00,-1,2012-07-26,18.9,Mostly cloudy (7/8)
Turku Artukainen,2012.0,7.0,27.0,00:00,-1,2012-07-27,17.7,Clear (0/8)
Turku Artukainen,2012.0,7.0,28.0,00:00,-1,2012-07-28,20.7,Clear (0/8)
Turku Artukainen,2012.0,7.0,29.0,00:00,-1,2012-07-29,22.5,Mostly cloudy (7/8)
Turku Artukainen,2012.0,7.0,30.0,00:00,-1,2012-07-30,18.4,Mostly cloudy (7/8)
Turku Artukainen,2012.0,7.0,31.0,00:00,-1,2012-07-31,17.6,Mostly clear (3/8)
Turku Artukainen,2012.0,8.0,1.0,00:00,-1,2012-08-01,16.8,Partly cloudy (4/8)
Turku Artukainen,2012.0,8.0,2.0,00:00,-1,2012-08-02,18.4,Clear (0/8)
Turku Artukainen,2012.0,8.0,3.0,00:00,-1,2012-08-03,18.3,Clear (0/8)
Turku Artukainen,2012.0,8.0,4.0,00:00,-1,2012-08-04,19.0,Mostly cloudy (7/8)
Turku Artukainen,2012.0,8.0,5.0,00:00,-1,2012-08-05,19.0,Clear (0/8)
Turku Artukainen,2012.0,8.0,6.0,00:00,-1,2012-08-06,19.3,Mostly clear (2/8)
Turku Artukainen,2012.0,8.0,7.0,00:00,-1,2012-08-07,17.2,Mostly cloudy (7/8)
Turku Artukainen,2012.0,8.0,8.0,00:00,-1,2012-08-08,15.7,Partly cloudy (5/8)
Turku Artukainen,2012.0,8.0,9.0,00:00,-1,2012-08-09,13.9,Clear (0/8)
Turku Artukainen,2012.0,8.0,10.0,00:00,-1,2012-08-10,13.8,Cloudy (8/8)
Turku Artukainen,2012.0,8.0,11.0,00:00,-1,2012-08-11,14.6,Mostly cloudy (7/8)
Turku Artukainen,2012.0,8.0,12.0,00:00,-1,2012-08-12,16.4,Clear (0/8)
Turku Artukainen,2012.0,8.0,13.0,00:00,-1,2012-08-13,16.9,Cloudy (8/8)
Turku Artukainen,2012.0,8.0,14.0,00:00,-1,2012-08-14,17.8,Clear (0/8)
Turku Artukainen,2012.0,8.0,15.0,00:00,-1,2012-08-15,19.4,Partly cloudy (4/8)
Turku Artukainen,2012.0,8.0,16.0,00:00,-1,2012-08-16,17.2,Clear (0/8)
Turku Artukainen,2012.0,8.0,17.0,00:00,-1,2012-08-17,18.4,Mostly cloudy (7/8)
Turku Artukainen,2012.0,8.0,18.0,00:00,-1,2012-08-18,18.6,Clear (0/8)
Turku Artukainen,2012.0,8.0,19.0,00:00,-1,2012-08-19,17.5,Mostly cloudy (7/8)
Turku Artukainen,2012.0,8.0,20.0,00:00,-1,2012-08-20,14.1,Mostly cloudy (7/8)
Turku Artukainen,2012.0,8.0,21.0,00:00,-1,2012-08-21,13.1,Clear (0/8)
Turku Artukainen,2012.0,8.0,22.0,00:00,-1,2012-08-22,16.9,Mostly cloudy (7/8)
Turku Artukainen,2012.0,8.0,23.0,00:00,-1,2012-08-23,14.5,Mostly cloudy (7/8)
Turku Artukainen,2012.0,8.0,24.0,00:00,-1,2012-08-24,14.4,Mostly clear (2/8)
Turku Artukainen,2012.0,8.0,25.0,00:00,-1,2012-08-25,13.8,Clear (0/8)
Turku Artukainen,2012.0,8.0,26.0,00:00,-1,2012-08-26,15.0,Clear (0/8)
Turku Artukainen,2012.0,8.0,27.0,00:00,-1,2012-08-27,14.5,Mostly cloudy (7/8)
Turku Artukainen,2012.0,8.0,28.0,00:00,-1,2012-08-28,12.7,Mostly cloudy (7/8)
Turku Artukainen,2012.0,8.0,29.0,00:00,-1,2012-08-29,13.5,Cloudy (8/8)
Turku Artukainen,2012.0,8.0,30.0,00:00,-1,2012-08-30,15.8,Cloudy (8/8)
Turku Artukainen,2012.0,8.0,31.0,00:00,-1,2012-08-31,15.6,Partly cloudy (5/8)
Turku Artukainen,2012.0,9.0,1.0,00:00,-1,2012-09-01,13.5,Cloudy (8/8)
Turku Artukainen,2012.0,9.0,2.0,00:00,-1,2012-09-02,15.2,Cloudy (8/8)
Turku Artukainen,2012.0,9.0,3.0,00:00,-1,2012-09-03,16.0,Mostly cloudy (7/8)
Turku Artukainen,2012.0,9.0,4.0,00:00,-1,2012-09-04,14.7,Mostly cloudy (7/8)
Turku Artukainen,2012.0,9.0,5.0,00:00,-1,2012-09-05,15.1,Cloudy (8/8)
Turku Artukainen,2012.0,9.0,6.0,00:00,-1,2012-09-06,11.6,Mostly clear (2/8)
Turku Artukainen,2012.0,9.0,7.0,00:00,-1,2012-09-07,9.5,Mostly cloudy (7/8)
Turku Artukainen,2012.0,9.0,8.0,00:00,-1,2012-09-08,9.7,Clear (0/8)
Turku Artukainen,2012.0,9.0,9.0,00:00,-1,2012-09-09,9.5,Clear (0/8)
Turku Artukainen,2012.0,9.0,10.0,00:00,-1,2012-09-10,14.5,Mostly cloudy (7/8)
Turku Artukainen,2012.0,9.0,11.0,00:00,-1,2012-09-11,16.6,Mostly cloudy (7/8)
Turku Artukainen,2012.0,9.0,12.0,00:00,-1,2012-09-12,14.0,Mostly cloudy (7/8)
Turku Artukainen,2012.0,9.0,13.0,00:00,-1,2012-09-13,11.4,Mostly cloudy (7/8)
Turku Artukainen,2012.0,9.0,14.0,00:00,-1,2012-09-14,12.7,Clear (0/8)
Turku Artukainen,2012.0,9.0,15.0,00:00,-1,2012-09-15,12.1,Mostly cloudy (7/8)
Turku Artukainen,2012.0,9.0,16.0,00:00,-1,2012-09-16,11.9,Clear (0/8)
Turku Artukainen,2012.0,9.0,17.0,00:00,-1,2012-09-17,14.4,Clear (0/8)
Turku Artukainen,2012.0,9.0,18.0,00:00,-1,2012-09-18,13.2,Clear (0/8)
Turku Artukainen,2012.0,9.0,19.0,00:00,-1,2012-09-19,12.6,Partly cloudy (4/8)
Turku Artukainen,2012.0,9.0,20.0,00:00,-1,2012-09-20,11.1,Clear (1/8)
Turku Artukainen,2012.0,9.0,21.0,00:00,-1,2012-09-21,9.7,Clear (0/8)
Turku Artukainen,2012.0,9.0,22.0,00:00,-1,2012-09-22,11.0,Mostly cloudy (7/8)
Turku Artukainen,2012.0,9.0,23.0,00:00,-1,2012-09-23,9.0,Cloudy (8/8)
Turku Artukainen,2012.0,9.0,24.0,00:00,-1,2012-09-24,8.0,Mostly cloudy (7/8)
Turku Artukainen,2012.0,9.0,25.0,00:00,-1,2012-09-25,8.5,Cloudy (8/8)
Turku Artukainen,2012.0,9.0,26.0,00:00,-1,2012-09-26,9.3,Cloudy (8/8)
Turku Artukainen,2012.0,9.0,27.0,00:00,-1,2012-09-27,13.1,Mostly cloudy (7/8)
Turku Artukainen,2012.0,9.0,28.0,00:00,-1,2012-09-28,11.8,Mostly cloudy (7/8)
Turku Artukainen,2012.0,9.0,29.0,00:00,-1,2012-09-29,10.9,Cloudy (8/8)
Turku Artukainen,2012.0,9.0,30.0,00:00,-1,2012-09-30,10.7,Mostly cloudy (7/8)
Turku Artukainen,2012.0,10.0,1.0,00:00,-1,2012-10-01,10.8,Clear (0/8)
Turku Artukainen,2012.0,10.0,2.0,00:00,-1,2012-10-02,12.9,Cloudy (8/8)
Turku Artukainen,2012.0,10.0,3.0,00:00,-1,2012-10-03,12.2,Mostly cloudy (7/8)
Turku Artukainen,2012.0,10.0,4.0,00:00,-1,2012-10-04,11.9,Mostly cloudy (7/8)
Turku Artukainen,2012.0,10.0,5.0,00:00,-1,2012-10-05,9.6,Mostly cloudy (7/8)
Turku Artukainen,2012.0,10.0,6.0,00:00,-1,2012-10-06,9.6,Mostly cloudy (7/8)
Turku Artukainen,2012.0,10.0,7.0,00:00,-1,2012-10-07,9.6,Clear (0/8)
Turku Artukainen,2012.0,10.0,8.0,00:00,-1,2012-10-08,6.8,Mostly cloudy (6/8)
Turku Artukainen,2012.0,10.0,9.0,00:00,-1,2012-10-09,6.3,Mostly cloudy (7/8)
Turku Artukainen,2012.0,10.0,10.0,00:00,-1,2012-10-10,6.7,Cloudy (8/8)
Turku Artukainen,2012.0,10.0,11.0,00:00,-1,2012-10-11,6.8,Mostly cloudy (6/8)
Turku Artukainen,2012.0,10.0,12.0,00:00,-1,2012-10-12,5.7,Mostly cloudy (7/8)
Turku Artukainen,2012.0,10.0,13.0,00:00,-1,2012-10-13,3.9,Mostly cloudy (7/8)
Turku Artukainen,2012.0,10.0,14.0,00:00,-1,2012-10-14,3.3,Clear (0/8)
Turku Artukainen,2012.0,10.0,15.0,00:00,-1,2012-10-15,5.7,Mostly clear (3/8)
Turku Artukainen,2012.0,10.0,16.0,00:00,-1,2012-10-16,9.1,Cloudy (8/8)
Turku Artukainen,2012.0,10.0,17.0,00:00,-1,2012-10-17,8.0,Mostly cloudy (6/8)
Turku Artukainen,2012.0,10.0,18.0,00:00,-1,2012-10-18,10.4,Mostly cloudy (7/8)
Turku Artukainen,2012.0,10.0,19.0,00:00,-1,2012-10-19,11.7,Mostly cloudy (7/8)
Turku Artukainen,2012.0,10.0,20.0,00:00,-1,2012-10-20,7.8,Mostly cloudy (7/8)
Turku Artukainen,2012.0,10.0,21.0,00:00,-1,2012-10-21,6.0,Cloudy (8/8)
Turku Artukainen,2012.0,10.0,22.0,00:00,-1,2012-10-22,2.7,Mostly cloudy (7/8)
Turku Artukainen,2012.0,10.0,23.0,00:00,-1,2012-10-23,5.0,Mostly cloudy (7/8)
Turku Artukainen,2012.0,10.0,24.0,00:00,-1,2012-10-24,5.2,Mostly cloudy (7/8)
Turku Artukainen,2012.0,10.0,25.0,00:00,-0.7,2012-10-25,0.1,Mostly cloudy (7/8)
Turku Artukainen,2012.0,10.0,26.0,00:00,5.4,2012-10-26,-3.3,Mostly cloudy (7/8)
Turku Artukainen,2012.0,10.0,27.0,00:00,6.4,2012-10-27,-4.2,Clear (0/8)
Turku Artukainen,2012.0,10.0,28.0,00:00,6,2012-10-28,-2.9,Clear (1/8)
Turku Artukainen,2012.0,10.0,29.0,00:00,5.4,2012-10-29,0.9,Mostly cloudy (7/8)
Turku Artukainen,2012.0,10.0,30.0,00:00,-0.2,2012-10-30,4.2,Mostly cloudy (7/8)
Turku Artukainen,2012.0,10.0,31.0,00:00,0,2012-10-31,2.8,Cloudy (8/8)
Turku Artukainen,2012.0,11.0,1.0,00:00,-0.6,2012-11-01,6.3,Mostly cloudy (7/8)
Turku Artukainen,2012.0,11.0,2.0,00:00,-1,2012-11-02,6.4,Cloudy (8/8)
Turku Artukainen,2012.0,11.0,3.0,00:00,-1,2012-11-03,3.9,Mostly cloudy (7/8)
Turku Artukainen,2012.0,11.0,4.0,00:00,-1,2012-11-04,2.7,Mostly cloudy (7/8)
Turku Artukainen,2012.0,11.0,5.0,00:00,-1,2012-11-05,3.1,Cloudy (8/8)
Turku Artukainen,2012.0,11.0,6.0,00:00,-0.8,2012-11-06,2.6,Cloudy (8/8)
Turku Artukainen,2012.0,11.0,7.0,00:00,-1,2012-11-07,3.8,Mostly cloudy (7/8)
Turku Artukainen,2012.0,11.0,8.0,00:00,-1,2012-11-08,2.5,Cloudy (8/8)
Turku Artukainen,2012.0,11.0,9.0,00:00,-1,2012-11-09,-0.2,Cloudy (8/8)
Turku Artukainen,2012.0,11.0,10.0,00:00,-1,2012-11-10,5.0,Mostly clear (3/8)
Turku Artukainen,2012.0,11.0,11.0,00:00,-1,2012-11-11,7.4,Mostly cloudy (7/8)
Turku Artukainen,2012.0,11.0,12.0,00:00,-1,2012-11-12,6.1,Cloudy (8/8)
Turku Artukainen,2012.0,11.0,13.0,00:00,-1,2012-11-13,3.8,Clear (0/8)
Turku Artukainen,2012.0,11.0,14.0,00:00,-1,2012-11-14,7.5,Mostly cloudy (7/8)
Turku Artukainen,2012.0,11.0,15.0,00:00,-1,2012-11-15,6.0,Cloudy (8/8)
Turku Artukainen,2012.0,11.0,16.0,00:00,-1,2012-11-16,4.8,Mostly cloudy (6/8)
Turku Artukainen,2012.0,11.0,17.0,00:00,-1,2012-11-17,7.2,Cloudy (8/8)
Turku Artukainen,2012.0,11.0,18.0,00:00,-1,2012-11-18,7.0,Cloudy (8/8)
Turku Artukainen,2012.0,11.0,19.0,00:00,-1,2012-11-19,5.1,Mostly cloudy (7/8)
Turku Artukainen,2012.0,11.0,20.0,00:00,-1,2012-11-20,6.9,Mostly cloudy (7/8)
Turku Artukainen,2012.0,11.0,21.0,00:00,-1,2012-11-21,7.6,Cloudy (8/8)
Turku Artukainen,2012.0,11.0,22.0,00:00,-1,2012-11-22,6.1,Cloudy (8/8)
Turku Artukainen,2012.0,11.0,23.0,00:00,-1,2012-11-23,6.5,Cloudy (8/8)
Turku Artukainen,2012.0,11.0,24.0,00:00,-1,2012-11-24,5.6,Mostly cloudy (7/8)
Turku Artukainen,2012.0,11.0,25.0,00:00,-1,2012-11-25,3.6,Cloudy (8/8)
Turku Artukainen,2012.0,11.0,26.0,00:00,-1,2012-11-26,1.7,Cloudy (8/8)
Turku Artukainen,2012.0,11.0,27.0,00:00,-1,2012-11-27,1.4,Mostly cloudy (7/8)
Turku Artukainen,2012.0,11.0,28.0,00:00,-0.4,2012-11-28,-0.2,Mostly cloudy (7/8)
Turku Artukainen,2012.0,11.0,29.0,00:00,1.8,2012-11-29,-2.5,Cloudy (8/8)
Turku Artukainen,2012.0,11.0,30.0,00:00,6.6,2012-11-30,-5.5,Cloudy (8/8)
Turku Artukainen,2012.0,12.0,1.0,00:00,12,2012-12-01,-9.0,Cloudy (8/8)
Turku Artukainen,2012.0,12.0,2.0,00:00,10.8,2012-12-02,-12.0,Cloudy (8/8)
Turku Artukainen,2012.0,12.0,3.0,00:00,9.1,2012-12-03,-14.2,Mostly cloudy (7/8)
Turku Artukainen,2012.0,12.0,4.0,00:00,9,2012-12-04,-11.9,Cloudy (8/8)
Turku Artukainen,2012.0,12.0,5.0,00:00,9.2,2012-12-05,-11.2,Cloudy (8/8)
Turku Artukainen,2012.0,12.0,6.0,00:00,9.7,2012-12-06,-1.9,Cloudy (8/8)
Turku Artukainen,2012.0,12.0,7.0,00:00,10.2,2012-12-07,-3.1,Cloudy (8/8)
Turku Artukainen,2012.0,12.0,8.0,00:00,13.8,2012-12-08,-6.8,Cloudy (8/8)
Turku Artukainen,2012.0,12.0,9.0,00:00,12.4,2012-12-09,-5.5,Mostly cloudy (7/8)
Turku Artukainen,2012.0,12.0,10.0,00:00,12,2012-12-10,-4.5,Cloudy (8/8)
Turku Artukainen,2012.0,12.0,11.0,00:00,13.1,2012-12-11,-5.8,Cloudy (8/8)
Turku Artukainen,2012.0,12.0,12.0,00:00,15.9,2012-12-12,-2.0,Cloudy (8/8)
Turku Artukainen,2012.0,12.0,13.0,00:00,16.6,2012-12-13,-3.6,Cloudy (8/8)
Turku Artukainen,2012.0,12.0,14.0,00:00,19,2012-12-14,-2.3,Cloudy (8/8)
Turku Artukainen,2012.0,12.0,15.0,00:00,20.2,2012-12-15,-3.6,Mostly cloudy (7/8)
Turku Artukainen,2012.0,12.0,16.0,00:00,23,2012-12-16,-4.5,Cloudy (8/8)
Turku Artukainen,2012.0,12.0,17.0,00:00,24.5,2012-12-17,-4.8,Cloudy (8/8)
Turku Artukainen,2012.0,12.0,18.0,00:00,24.1,2012-12-18,-7.2,Cloudy (8/8)
Turku Artukainen,2012.0,12.0,19.0,00:00,24.5,2012-12-19,-7.7,Mostly cloudy (7/8)
Turku Artukainen,2012.0,12.0,20.0,00:00,22.8,2012-12-20,-9.1,Mostly cloudy (7/8)
Turku Artukainen,2012.0,12.0,21.0,00:00,21.7,2012-12-21,-9.6,Cloudy (8/8)
Turku Artukainen,2012.0,12.0,22.0,00:00,21.2,2012-12-22,-12.2,Mostly cloudy (7/8)
Turku Artukainen,2012.0,12.0,23.0,00:00,20.4,2012-12-23,-10.2,Mostly clear (3/8)
Turku Artukainen,2012.0,12.0,24.0,00:00,21.2,2012-12-24,-9.3,Mostly cloudy (7/8)
Turku Artukainen,2012.0,12.0,25.0,00:00,24,2012-12-25,-9.5,Cloudy (8/8)
Turku Artukainen,2012.0,12.0,26.0,00:00,27.6,2012-12-26,-8.9,Mostly cloudy (7/8)
Turku Artukainen,2012.0,12.0,27.0,00:00,24.1,2012-12-27,1.0,Cloudy (8/8)
Turku Artukainen,2012.0,12.0,28.0,00:00,21.9,2012-12-28,-1.9,Mostly cloudy (7/8)
Turku Artukainen,2012.0,12.0,29.0,00:00,21.4,2012-12-29,-4.3,Clear (0/8)
Turku Artukainen,2012.0,12.0,30.0,00:00,19.2,2012-12-30,2.2,Cloudy (8/8)
Turku Artukainen,2012.0,12.0,31.0,00:00,12.7,2012-12-31,2.5,Cloudiness cannot be determined (9/8)
Turku Artukainen,2013.0,1.0,1.0,00:00,7.2,2013-01-01,3.8,Cloudy (8/8)
Turku Artukainen,2013.0,1.0,2.0,00:00,4.2,2013-01-02,1.4,Cloudy (8/8)
Turku Artukainen,2013.0,1.0,3.0,00:00,4.3,2013-01-03,0.3,Cloudy (8/8)
Turku Artukainen,2013.0,1.0,4.0,00:00,3.6,2013-01-04,0.9,Cloudy (8/8)
Turku Artukainen,2013.0,1.0,5.0,00:00,3,2013-01-05,-2.4,Mostly cloudy (7/8)
Turku Artukainen,2013.0,1.0,6.0,00:00,3,2013-01-06,-6.6,Partly cloudy (4/8)
Turku Artukainen,2013.0,1.0,7.0,00:00,3.8,2013-01-07,-3.4,Cloudy (8/8)
Turku Artukainen,2013.0,1.0,8.0,00:00,4.4,2013-01-08,0.8,Cloudy (8/8)
Turku Artukainen,2013.0,1.0,9.0,00:00,4.3,2013-01-09,-0.1,Cloudy (8/8)
Turku Artukainen,2013.0,1.0,10.0,00:00,4.1,2013-01-10,-4.0,Cloudy (8/8)
Turku Artukainen,2013.0,1.0,11.0,00:00,5,2013-01-11,-5.6,Mostly cloudy (7/8)
Turku Artukainen,2013.0,1.0,12.0,00:00,5.4,2013-01-12,-10.6,Cloudy (8/8)
Turku Artukainen,2013.0,1.0,13.0,00:00,6,2013-01-13,-7.5,Clear (0/8)
Turku Artukainen,2013.0,1.0,14.0,00:00,5.7,2013-01-14,-4.1,Cloudy (8/8)
Turku Artukainen,2013.0,1.0,15.0,00:00,5.3,2013-01-15,-6.5,Clear (0/8)
Turku Artukainen,2013.0,1.0,16.0,00:00,12.5,2013-01-16,-5.7,Cloudy (8/8)
Turku Artukainen,2013.0,1.0,17.0,00:00,11.1,2013-01-17,-10.9,Cloudy (8/8)
Turku Artukainen,2013.0,1.0,18.0,00:00,9.4,2013-01-18,-19.3,Clear (0/8)
Turku Artukainen,2013.0,1.0,19.0,00:00,8.5,2013-01-19,-16.4,Clear (0/8)
Turku Artukainen,2013.0,1.0,20.0,00:00,12.2,2013-01-20,-7.7,Cloudy (8/8)
Turku Artukainen,2013.0,1.0,21.0,00:00,12.5,2013-01-21,-9.3,Cloudy (8/8)
Turku Artukainen,2013.0,1.0,22.0,00:00,11.8,2013-01-22,-7.3,Cloudy (8/8)
Turku Artukainen,2013.0,1.0,23.0,00:00,11,2013-01-23,-8.3,Cloudy (8/8)
Turku Artukainen,2013.0,1.0,24.0,00:00,11,2013-01-24,-12.5,Clear (1/8)
Turku Artukainen,2013.0,1.0,25.0,00:00,11,2013-01-25,-9.9,Clear (0/8)
Turku Artukainen,2013.0,1.0,26.0,00:00,11.6,2013-01-26,-4.1,Clear (1/8)
Turku Artukainen,2013.0,1.0,27.0,00:00,12.9,2013-01-27,-2.8,Mostly cloudy (7/8)
Turku Artukainen,2013.0,1.0,28.0,00:00,13.3,2013-01-28,-1.9,Cloudy (8/8)
Turku Artukainen,2013.0,1.0,29.0,00:00,13.4,2013-01-29,1.4,Cloudy (8/8)
Turku Artukainen,2013.0,1.0,30.0,00:00,13,2013-01-30,0.9,Cloudy (8/8)
Turku Artukainen,2013.0,1.0,31.0,00:00,12.4,2013-01-31,1.7,Cloudy (8/8)
Turku Artukainen,2013.0,2.0,1.0,00:00,11,2013-02-01,-2.4,Mostly cloudy (7/8)
Turku Artukainen,2013.0,2.0,2.0,00:00,11,2013-02-02,-4.1,Clear (0/8)
Turku Artukainen,2013.0,2.0,3.0,00:00,11,2013-02-03,-3.7,Cloudy (8/8)
Turku Artukainen,2013.0,2.0,4.0,00:00,10.9,2013-02-04,-1.1,Cloudy (8/8)
Turku Artukainen,2013.0,2.0,5.0,00:00,15.6,2013-02-05,-0.9,Cloudy (8/8)
Turku Artukainen,2013.0,2.0,6.0,00:00,17.1,2013-02-06,-0.7,Mostly cloudy (7/8)
Turku Artukainen,2013.0,2.0,7.0,00:00,16.9,2013-02-07,-0.5,Cloudy (8/8)
Turku Artukainen,2013.0,2.0,8.0,00:00,18.8,2013-02-08,-4.6,Mostly cloudy (7/8)
Turku Artukainen,2013.0,2.0,9.0,00:00,20.8,2013-02-09,-2.8,Cloudy (8/8)
Turku Artukainen,2013.0,2.0,10.0,00:00,21.2,2013-02-10,-2.2,Clear (0/8)
Turku Artukainen,2013.0,2.0,11.0,00:00,25.8,2013-02-11,-1.5,Cloudy (8/8)
Turku Artukainen,2013.0,2.0,12.0,00:00,26.3,2013-02-12,-1.6,Cloudy (8/8)
Turku Artukainen,2013.0,2.0,13.0,00:00,25.8,2013-02-13,-0.3,Cloudy (8/8)
Turku Artukainen,2013.0,2.0,14.0,00:00,25,2013-02-14,0.3,Cloudy (8/8)
Turku Artukainen,2013.0,2.0,15.0,00:00,23.7,2013-02-15,-0.9,Cloudy (8/8)
Turku Artukainen,2013.0,2.0,16.0,00:00,24,2013-02-16,-1.6,Cloudy (8/8)
Turku Artukainen,2013.0,2.0,17.0,00:00,23,2013-02-17,0.1,Cloudy (8/8)
Turku Artukainen,2013.0,2.0,18.0,00:00,24.5,2013-02-18,-0.8,Cloudy (8/8)
Turku Artukainen,2013.0,2.0,19.0,00:00,26,2013-02-19,-2.9,Mostly cloudy (7/8)
Turku Artukainen,2013.0,2.0,20.0,00:00,25,2013-02-20,-4.3,Cloudy (8/8)
Turku Artukainen,2013.0,2.0,21.0,00:00,25,2013-02-21,-8.1,Clear (0/8)
Turku Artukainen,2013.0,2.0,22.0,00:00,24.3,2013-02-22,-1.7,Cloudy (8/8)
Turku Artukainen,2013.0,2.0,23.0,00:00,24,2013-02-23,-1.3,Cloudy (8/8)
Turku Artukainen,2013.0,2.0,24.0,00:00,23.6,2013-02-24,-4.5,Cloudy (8/8)
Turku Artukainen,2013.0,2.0,25.0,00:00,23.2,2013-02-25,-6.7,Clear (0/8)
Turku Artukainen,2013.0,2.0,26.0,00:00,23.1,2013-02-26,-3.6,Clear (0/8)
Turku Artukainen,2013.0,2.0,27.0,00:00,22.9,2013-02-27,2.2,Clear (0/8)
Turku Artukainen,2013.0,2.0,28.0,00:00,22.1,2013-02-28,2.9,Clear (0/8)
Turku Artukainen,2013.0,3.0,1.0,00:00,20.1,2013-03-01,0.2,Cloudy (8/8)
Turku Artukainen,2013.0,3.0,2.0,00:00,21,2013-03-02,-7.2,Clear (0/8)
Turku Artukainen,2013.0,3.0,3.0,00:00,31.3,2013-03-03,-7.9,Cloudy (8/8)
Turku Artukainen,2013.0,3.0,4.0,00:00,32.8,2013-03-04,-8.7,Clear (0/8)
Turku Artukainen,2013.0,3.0,5.0,00:00,32.8,2013-03-05,-1.3,Cloudiness cannot be determined (9/8)
Turku Artukainen,2013.0,3.0,6.0,00:00,31,2013-03-06,-0.6,Mostly cloudy (7/8)
Turku Artukainen,2013.0,3.0,7.0,00:00,30.2,2013-03-07,-4.1,Clear (0/8)
Turku Artukainen,2013.0,3.0,8.0,00:00,30,2013-03-08,-8.6,Clear (0/8)
Turku Artukainen,2013.0,3.0,9.0,00:00,29.9,2013-03-09,-10.6,Clear (0/8)
Turku Artukainen,2013.0,3.0,10.0,00:00,29.8,2013-03-10,-12.4,Clear (0/8)
Turku Artukainen,2013.0,3.0,11.0,00:00,30,2013-03-11,-5.4,Clear (0/8)
Turku Artukainen,2013.0,3.0,12.0,00:00,30,2013-03-12,-3.7,Cloudy (8/8)
Turku Artukainen,2013.0,3.0,13.0,00:00,33,2013-03-13,-8.6,Mostly cloudy (7/8)
Turku Artukainen,2013.0,3.0,14.0,00:00,32.4,2013-03-14,-11.6,Clear (0/8)
Turku Artukainen,2013.0,3.0,15.0,00:00,31.9,2013-03-15,-10.5,Clear (0/8)
Turku Artukainen,2013.0,3.0,16.0,00:00,31.5,2013-03-16,-9.9,Clear (0/8)
Turku Artukainen,2013.0,3.0,17.0,00:00,31,2013-03-17,-7.9,Clear (0/8)
Turku Artukainen,2013.0,3.0,18.0,00:00,31,2013-03-18,-9.3,Clear (0/8)
Turku Artukainen,2013.0,3.0,19.0,00:00,31,2013-03-19,-7.4,Mostly cloudy (7/8)
Turku Artukainen,2013.0,3.0,20.0,00:00,31,2013-03-20,-4.1,Partly cloudy (5/8)
Turku Artukainen,2013.0,3.0,21.0,00:00,30.8,2013-03-21,-6.7,Clear (0/8)
Turku Artukainen,2013.0,3.0,22.0,00:00,30.7,2013-03-22,-8.7,Clear (0/8)
Turku Artukainen,2013.0,3.0,23.0,00:00,30.3,2013-03-23,-3.5,Mostly cloudy (7/8)
Turku Artukainen,2013.0,3.0,24.0,00:00,30,2013-03-24,-3.2,Clear (0/8)
Turku Artukainen,2013.0,3.0,25.0,00:00,30,2013-03-25,-2.1,Clear (0/8)
Turku Artukainen,2013.0,3.0,26.0,00:00,29.3,2013-03-26,-2.5,Clear (0/8)
Turku Artukainen,2013.0,3.0,27.0,00:00,29,2013-03-27,-3.3,Clear (0/8)
Turku Artukainen,2013.0,3.0,28.0,00:00,29,2013-03-28,-1.5,Clear (0/8)
Turku Artukainen,2013.0,3.0,29.0,00:00,28.4,2013-03-29,-2.6,Clear (0/8)
Turku Artukainen,2013.0,3.0,30.0,00:00,27.5,2013-03-30,-1.5,Clear (0/8)
Turku Artukainen,2013.0,3.0,31.0,00:00,27,2013-03-31,-1.9,Clear (0/8)
Turku Artukainen,2013.0,4.0,1.0,00:00,27,2013-04-01,-2.2,Clear (0/8)
Turku Artukainen,2013.0,4.0,2.0,00:00,26.4,2013-04-02,-0.9,Clear (0/8)
Turku Artukainen,2013.0,4.0,3.0,00:00,25.2,2013-04-03,-0.2,Clear (0/8)
Turku Artukainen,2013.0,4.0,4.0,00:00,23.9,2013-04-04,0.3,Clear (0/8)
Turku Artukainen,2013.0,4.0,5.0,00:00,22.9,2013-04-05,1.3,Clear (0/8)
Turku Artukainen,2013.0,4.0,6.0,00:00,21.3,2013-04-06,-0.7,Clear (0/8)
Turku Artukainen,2013.0,4.0,7.0,00:00,23.2,2013-04-07,-1.9,Mostly cloudy (7/8)
Turku Artukainen,2013.0,4.0,8.0,00:00,23,2013-04-08,-2.2,Clear (0/8)
Turku Artukainen,2013.0,4.0,9.0,00:00,22,2013-04-09,-1.8,Clear (0/8)
Turku Artukainen,2013.0,4.0,10.0,00:00,21.8,2013-04-10,-1.4,Clear (0/8)
Turku Artukainen,2013.0,4.0,11.0,00:00,20.1,2013-04-11,1.8,Clear (0/8)
Turku Artukainen,2013.0,4.0,12.0,00:00,16.8,2013-04-12,4.1,Cloudy (8/8)
Turku Artukainen,2013.0,4.0,13.0,00:00,12.6,2013-04-13,2.5,Cloudy (8/8)
Turku Artukainen,2013.0,4.0,14.0,00:00,9.7,2013-04-14,3.7,Cloudy (8/8)
Turku Artukainen,2013.0,4.0,15.0,00:00,5.8,2013-04-15,3.2,Clear (0/8)
Turku Artukainen,2013.0,4.0,16.0,00:00,2.4,2013-04-16,4.5,Mostly cloudy (7/8)
Turku Artukainen,2013.0,4.0,17.0,00:00,0.3,2013-04-17,5.7,Mostly cloudy (7/8)
Turku Artukainen,2013.0,4.0,18.0,00:00,-1,2013-04-18,5.1,Clear (0/8)
Turku Artukainen,2013.0,4.0,19.0,00:00,-1,2013-04-19,4.9,Clear (0/8)
Turku Artukainen,2013.0,4.0,20.0,00:00,-1,2013-04-20,4.3,Cloudy (8/8)
Turku Artukainen,2013.0,4.0,21.0,00:00,-1,2013-04-21,4.2,Clear (0/8)
Turku Artukainen,2013.0,4.0,22.0,00:00,-1,2013-04-22,5.6,Clear (0/8)
Turku Artukainen,2013.0,4.0,23.0,00:00,-1,2013-04-23,5.1,Mostly cloudy (7/8)
Turku Artukainen,2013.0,4.0,24.0,00:00,-1,2013-04-24,6.8,Mostly cloudy (7/8)
Turku Artukainen,2013.0,4.0,25.0,00:00,-1,2013-04-25,6.0,Mostly cloudy (7/8)
Turku Artukainen,2013.0,4.0,26.0,00:00,-1,2013-04-26,4.2,Clear (0/8)
Turku Artukainen,2013.0,4.0,27.0,00:00,-1,2013-04-27,4.4,Cloudy (8/8)
Turku Artukainen,2013.0,4.0,28.0,00:00,-1,2013-04-28,3.7,Cloudy (8/8)
Turku Artukainen,2013.0,4.0,29.0,00:00,-1,2013-04-29,5.2,Partly cloudy (5/8)
Turku Artukainen,2013.0,4.0,30.0,00:00,-1,2013-04-30,5.6,Cloudy (8/8)
Turku Artukainen,2013.0,5.0,1.0,00:00,-1,2013-05-01,5.8,Clear (0/8)
Turku Artukainen,2013.0,5.0,2.0,00:00,-1,2013-05-02,5.7,Mostly cloudy (7/8)
Turku Artukainen,2013.0,5.0,3.0,00:00,-1,2013-05-03,6.5,Clear (1/8)
Turku Artukainen,2013.0,5.0,4.0,00:00,-1,2013-05-04,8.5,Mostly cloudy (7/8)
Turku Artukainen,2013.0,5.0,5.0,00:00,-1,2013-05-05,7.3,Mostly cloudy (7/8)
Turku Artukainen,2013.0,5.0,6.0,00:00,-1,2013-05-06,8.0,Clear (0/8)
Turku Artukainen,2013.0,5.0,7.0,00:00,-1,2013-05-07,11.0,Mostly cloudy (7/8)
Turku Artukainen,2013.0,5.0,8.0,00:00,-1,2013-05-08,13.6,Clear (0/8)
Turku Artukainen,2013.0,5.0,9.0,00:00,-1,2013-05-09,13.2,Mostly cloudy (7/8)
Turku Artukainen,2013.0,5.0,10.0,00:00,-1,2013-05-10,11.0,Cloudy (8/8)
Turku Artukainen,2013.0,5.0,11.0,00:00,-1,2013-05-11,11.1,Mostly cloudy (7/8)
Turku Artukainen,2013.0,5.0,12.0,00:00,-1,2013-05-12,11.1,Partly cloudy (5/8)
Turku Artukainen,2013.0,5.0,13.0,00:00,-1,2013-05-13,12.3,Clear (1/8)
Turku Artukainen,2013.0,5.0,14.0,00:00,-1,2013-05-14,9.7,Clear (0/8)
Turku Artukainen,2013.0,5.0,15.0,00:00,-1,2013-05-15,8.8,Mostly cloudy (7/8)
Turku Artukainen,2013.0,5.0,16.0,00:00,-1,2013-05-16,14.4,Clear (0/8)
Turku Artukainen,2013.0,5.0,17.0,00:00,-1,2013-05-17,19.5,Clear (0/8)
Turku Artukainen,2013.0,5.0,18.0,00:00,-1,2013-05-18,18.7,Partly cloudy (5/8)
Turku Artukainen,2013.0,5.0,19.0,00:00,-1,2013-05-19,18.5,Mostly clear (2/8)
Turku Artukainen,2013.0,5.0,20.0,00:00,-1,2013-05-20,16.6,Clear (0/8)
Turku Artukainen,2013.0,5.0,21.0,00:00,-1,2013-05-21,18.6,Clear (0/8)
Turku Artukainen,2013.0,5.0,22.0,00:00,-1,2013-05-22,13.0,Clear (0/8)
Turku Artukainen,2013.0,5.0,23.0,00:00,-1,2013-05-23,11.5,Cloudy (8/8)
Turku Artukainen,2013.0,5.0,24.0,00:00,-1,2013-05-24,14.2,Cloudy (8/8)
Turku Artukainen,2013.0,5.0,25.0,00:00,-1,2013-05-25,16.8,Clear (0/8)
Turku Artukainen,2013.0,5.0,26.0,00:00,-1,2013-05-26,16.7,Clear (0/8)
Turku Artukainen,2013.0,5.0,27.0,00:00,-1,2013-05-27,17.2,Cloudy (8/8)
Turku Artukainen,2013.0,5.0,28.0,00:00,-1,2013-05-28,19.1,Clear (0/8)
Turku Artukainen,2013.0,5.0,29.0,00:00,-1,2013-05-29,19.4,Mostly clear (2/8)
Turku Artukainen,2013.0,5.0,30.0,00:00,-1,2013-05-30,19.3,Mostly clear (3/8)
Turku Artukainen,2013.0,5.0,31.0,00:00,-1,2013-05-31,18.1,Clear (1/8)
Turku Artukainen,2013.0,6.0,1.0,00:00,-1,2013-06-01,20.1,Mostly clear (2/8)
Turku Artukainen,2013.0,6.0,2.0,00:00,-1,2013-06-02,22.4,Clear (0/8)
Turku Artukainen,2013.0,6.0,3.0,00:00,-1,2013-06-03,21.2,Clear (0/8)
Turku Artukainen,2013.0,6.0,4.0,00:00,-1,2013-06-04,16.1,Mostly cloudy (7/8)
Turku Artukainen,2013.0,6.0,5.0,00:00,-1,2013-06-05,17.4,Mostly cloudy (7/8)
Turku Artukainen,2013.0,6.0,6.0,00:00,-1,2013-06-06,18.8,Mostly clear (2/8)
Turku Artukainen,2013.0,6.0,7.0,00:00,-1,2013-06-07,17.8,Clear (0/8)
Turku Artukainen,2013.0,6.0,8.0,00:00,-1,2013-06-08,17.5,Clear (0/8)
Turku Artukainen,2013.0,6.0,9.0,00:00,-1,2013-06-09,15.9,Clear (0/8)
Turku Artukainen,2013.0,6.0,10.0,00:00,-1,2013-06-10,13.3,Clear (0/8)
Turku Artukainen,2013.0,6.0,11.0,00:00,-1,2013-06-11,13.5,Clear (0/8)
Turku Artukainen,2013.0,6.0,12.0,00:00,-1,2013-06-12,15.0,Mostly cloudy (7/8)
Turku Artukainen,2013.0,6.0,13.0,00:00,-1,2013-06-13,15.4,Mostly cloudy (7/8)
Turku Artukainen,2013.0,6.0,14.0,00:00,-1,2013-06-14,13.7,Cloudy (8/8)
Turku Artukainen,2013.0,6.0,15.0,00:00,-1,2013-06-15,15.8,Mostly cloudy (7/8)
Turku Artukainen,2013.0,6.0,16.0,00:00,-1,2013-06-16,12.8,Clear (0/8)
Turku Artukainen,2013.0,6.0,17.0,00:00,-1,2013-06-17,13.4,Partly cloudy (5/8)
Turku Artukainen,2013.0,6.0,18.0,00:00,-1,2013-06-18,14.0,Clear (0/8)
Turku Artukainen,2013.0,6.0,19.0,00:00,-1,2013-06-19,14.8,Clear (0/8)
Turku Artukainen,2013.0,6.0,20.0,00:00,-1,2013-06-20,14.5,Clear (0/8)
Turku Artukainen,2013.0,6.0,21.0,00:00,-1,2013-06-21,18.2,Clear (0/8)
Turku Artukainen,2013.0,6.0,22.0,00:00,-1,2013-06-22,19.1,Partly cloudy (5/8)
Turku Artukainen,2013.0,6.0,23.0,00:00,-1,2013-06-23,19.0,Mostly cloudy (7/8)
Turku Artukainen,2013.0,6.0,24.0,00:00,-1,2013-06-24,19.4,Clear (0/8)
Turku Artukainen,2013.0,6.0,25.0,00:00,-1,2013-06-25,22.3,Mostly cloudy (7/8)
Turku Artukainen,2013.0,6.0,26.0,00:00,-1,2013-06-26,24.9,Clear (0/8)
Turku Artukainen,2013.0,6.0,27.0,00:00,-1,2013-06-27,20.6,Clear (1/8)
Turku Artukainen,2013.0,6.0,28.0,00:00,-1,2013-06-28,17.0,Mostly clear (2/8)
Turku Artukainen,2013.0,6.0,29.0,00:00,-1,2013-06-29,15.3,Cloudy (8/8)
Turku Artukainen,2013.0,6.0,30.0,00:00,-1,2013-06-30,17.6,Cloudy (8/8)
Turku Artukainen,2013.0,7.0,1.0,00:00,-1,2013-07-01,17.3,Partly cloudy (5/8)
Turku Artukainen,2013.0,7.0,2.0,00:00,-1,2013-07-02,17.4,Mostly cloudy (7/8)
Turku Artukainen,2013.0,7.0,3.0,00:00,-1,2013-07-03,17.3,Mostly cloudy (7/8)
Turku Artukainen,2013.0,7.0,4.0,00:00,-1,2013-07-04,17.3,Clear (1/8)
Turku Artukainen,2013.0,7.0,5.0,00:00,-1,2013-07-05,19.6,Mostly cloudy (7/8)
Turku Artukainen,2013.0,7.0,6.0,00:00,-1,2013-07-06,18.1,Cloudy (8/8)
Turku Artukainen,2013.0,7.0,7.0,00:00,-1,2013-07-07,18.6,Clear (0/8)
Turku Artukainen,2013.0,7.0,8.0,00:00,-1,2013-07-08,17.1,Clear (0/8)
Turku Artukainen,2013.0,7.0,9.0,00:00,-1,2013-07-09,17.1,Clear (0/8)
Turku Artukainen,2013.0,7.0,10.0,00:00,-1,2013-07-10,17.2,Mostly cloudy (7/8)
Turku Artukainen,2013.0,7.0,11.0,00:00,-1,2013-07-11,16.3,Cloudy (8/8)
Turku Artukainen,2013.0,7.0,12.0,00:00,-1,2013-07-12,17.5,Clear (0/8)
Turku Artukainen,2013.0,7.0,13.0,00:00,-1,2013-07-13,19.9,Clear (0/8)
Turku Artukainen,2013.0,7.0,14.0,00:00,-1,2013-07-14,18.0,Clear (0/8)
Turku Artukainen,2013.0,7.0,15.0,00:00,-1,2013-07-15,16.3,Clear (0/8)
Turku Artukainen,2013.0,7.0,16.0,00:00,-1,2013-07-16,15.4,Cloudy (8/8)
Turku Artukainen,2013.0,7.0,17.0,00:00,-1,2013-07-17,16.0,Clear (0/8)
Turku Artukainen,2013.0,7.0,18.0,00:00,-1,2013-07-18,16.4,Mostly cloudy (7/8)
Turku Artukainen,2013.0,7.0,19.0,00:00,-1,2013-07-19,14.9,Mostly cloudy (7/8)
Turku Artukainen,2013.0,7.0,20.0,00:00,-1,2013-07-20,15.1,Clear (0/8)
Turku Artukainen,2013.0,7.0,21.0,00:00,-1,2013-07-21,15.9,Cloudy (8/8)
Turku Artukainen,2013.0,7.0,22.0,00:00,-1,2013-07-22,16.1,Mostly cloudy (7/8)
Turku Artukainen,2013.0,7.0,23.0,00:00,-1,2013-07-23,18.0,Cloudy (8/8)
Turku Artukainen,2013.0,7.0,24.0,00:00,-1,2013-07-24,20.3,Clear (0/8)
Turku Artukainen,2013.0,7.0,25.0,00:00,-1,2013-07-25,20.7,Cloudy (8/8)
Turku Artukainen,2013.0,7.0,26.0,00:00,-1,2013-07-26,19.6,Mostly clear (3/8)
Turku Artukainen,2013.0,7.0,27.0,00:00,-1,2013-07-27,20.2,Clear (0/8)
Turku Artukainen,2013.0,7.0,28.0,00:00,-1,2013-07-28,19.6,Clear (0/8)
Turku Artukainen,2013.0,7.0,29.0,00:00,-1,2013-07-29,19.3,Clear (0/8)
Turku Artukainen,2013.0,7.0,30.0,00:00,-1,2013-07-30,19.2,Cloudy (8/8)
Turku Artukainen,2013.0,7.0,31.0,00:00,-1,2013-07-31,18.5,Mostly cloudy (7/8)
Turku Artukainen,2013.0,8.0,1.0,00:00,-1,2013-08-01,18.1,Mostly cloudy (6/8)
Turku Artukainen,2013.0,8.0,2.0,00:00,-1,2013-08-02,18.9,Clear (0/8)
Turku Artukainen,2013.0,8.0,3.0,00:00,-1,2013-08-03,19.4,Clear (0/8)
Turku Artukainen,2013.0,8.0,4.0,00:00,-1,2013-08-04,19.0,Clear (0/8)
Turku Artukainen,2013.0,8.0,5.0,00:00,-1,2013-08-05,20.2,Mostly cloudy (7/8)
Turku Artukainen,2013.0,8.0,6.0,00:00,-1,2013-08-06,20.2,Clear (0/8)
Turku Artukainen,2013.0,8.0,7.0,00:00,-1,2013-08-07,19.5,Clear (0/8)
Turku Artukainen,2013.0,8.0,8.0,00:00,-1,2013-08-08,21.1,Mostly cloudy (7/8)
Turku Artukainen,2013.0,8.0,9.0,00:00,-1,2013-08-09,18.4,Cloudy (8/8)
Turku Artukainen,2013.0,8.0,10.0,00:00,-1,2013-08-10,18.5,Mostly cloudy (7/8)
Turku Artukainen,2013.0,8.0,11.0,00:00,-1,2013-08-11,17.2,Mostly cloudy (6/8)
Turku Artukainen,2013.0,8.0,12.0,00:00,-1,2013-08-12,16.3,Clear (1/8)
Turku Artukainen,2013.0,8.0,13.0,00:00,-1,2013-08-13,17.2,Clear (0/8)
Turku Artukainen,2013.0,8.0,14.0,00:00,-1,2013-08-14,14.0,Mostly cloudy (7/8)
Turku Artukainen,2013.0,8.0,15.0,00:00,-1,2013-08-15,16.1,Mostly cloudy (7/8)
Turku Artukainen,2013.0,8.0,16.0,00:00,-1,2013-08-16,16.6,Clear (0/8)
Turku Artukainen,2013.0,8.0,17.0,00:00,-1,2013-08-17,17.0,Clear (1/8)
Turku Artukainen,2013.0,8.0,18.0,00:00,-1,2013-08-18,18.8,Mostly cloudy (7/8)
Turku Artukainen,2013.0,8.0,19.0,00:00,-1,2013-08-19,18.0,Cloudy (8/8)
Turku Artukainen,2013.0,8.0,20.0,00:00,-1,2013-08-20,17.6,Clear (0/8)
Turku Artukainen,2013.0,8.0,21.0,00:00,-1,2013-08-21,18.1,Mostly cloudy (7/8)
Turku Artukainen,2013.0,8.0,22.0,00:00,-1,2013-08-22,15.7,Mostly cloudy (7/8)
Turku Artukainen,2013.0,8.0,23.0,00:00,-1,2013-08-23,14.3,Clear (0/8)
Turku Artukainen,2013.0,8.0,24.0,00:00,-1,2013-08-24,14.9,Clear (0/8)
Turku Artukainen,2013.0,8.0,25.0,00:00,-1,2013-08-25,15.6,Clear (0/8)
Turku Artukainen,2013.0,8.0,26.0,00:00,-1,2013-08-26,15.6,Clear (0/8)
Turku Artukainen,2013.0,8.0,27.0,00:00,-1,2013-08-27,16.6,Clear (0/8)
Turku Artukainen,2013.0,8.0,28.0,00:00,-1,2013-08-28,17.9,Partly cloudy (5/8)
Turku Artukainen,2013.0,8.0,29.0,00:00,-1,2013-08-29,14.8,Clear (0/8)
Turku Artukainen,2013.0,8.0,30.0,00:00,-1,2013-08-30,14.0,Mostly cloudy (7/8)
Turku Artukainen,2013.0,8.0,31.0,00:00,-1,2013-08-31,15.6,Cloudy (8/8)
Turku Artukainen,2013.0,9.0,1.0,00:00,-1,2013-09-01,14.4,Clear (0/8)
Turku Artukainen,2013.0,9.0,2.0,00:00,-1,2013-09-02,11.8,Clear (0/8)
Turku Artukainen,2013.0,9.0,3.0,00:00,-1,2013-09-03,13.4,Clear (0/8)
Turku Artukainen,2013.0,9.0,4.0,00:00,-1,2013-09-04,13.7,Clear (0/8)
Turku Artukainen,2013.0,9.0,5.0,00:00,-1,2013-09-05,13.7,Clear (0/8)
Turku Artukainen,2013.0,9.0,6.0,00:00,-1,2013-09-06,14.1,Clear (0/8)
Turku Artukainen,2013.0,9.0,7.0,00:00,-1,2013-09-07,14.5,Clear (0/8)
Turku Artukainen,2013.0,9.0,8.0,00:00,-1,2013-09-08,15.8,Clear (0/8)
Turku Artukainen,2013.0,9.0,9.0,00:00,-1,2013-09-09,16.0,Clear (0/8)
Turku Artukainen,2013.0,9.0,10.0,00:00,-1,2013-09-10,15.8,Mostly clear (2/8)
Turku Artukainen,2013.0,9.0,11.0,00:00,-1,2013-09-11,15.2,Mostly cloudy (7/8)
Turku Artukainen,2013.0,9.0,12.0,00:00,-1,2013-09-12,14.0,Clear (0/8)
Turku Artukainen,2013.0,9.0,13.0,00:00,-1,2013-09-13,14.7,Clear (0/8)
Turku Artukainen,2013.0,9.0,14.0,00:00,-1,2013-09-14,15.3,Clear (0/8)
Turku Artukainen,2013.0,9.0,15.0,00:00,-1,2013-09-15,13.1,Clear (0/8)
Turku Artukainen,2013.0,9.0,16.0,00:00,-1,2013-09-16,13.3,Clear (1/8)
Turku Artukainen,2013.0,9.0,17.0,00:00,-1,2013-09-17,13.9,Cloudy (8/8)
Turku Artukainen,2013.0,9.0,18.0,00:00,-1,2013-09-18,13.9,Mostly cloudy (7/8)
Turku Artukainen,2013.0,9.0,19.0,00:00,-1,2013-09-19,15.2,Mostly cloudy (7/8)
Turku Artukainen,2013.0,9.0,20.0,00:00,-1,2013-09-20,14.7,Mostly cloudy (7/8)
Turku Artukainen,2013.0,9.0,21.0,00:00,-1,2013-09-21,13.0,Clear (1/8)
Turku Artukainen,2013.0,9.0,22.0,00:00,-1,2013-09-22,11.2,Mostly cloudy (7/8)
Turku Artukainen,2013.0,9.0,23.0,00:00,-1,2013-09-23,9.6,Mostly cloudy (7/8)
Turku Artukainen,2013.0,9.0,24.0,00:00,-1,2013-09-24,6.9,Mostly cloudy (6/8)
Turku Artukainen,2013.0,9.0,25.0,00:00,-1,2013-09-25,4.4,Clear (1/8)
Turku Artukainen,2013.0,9.0,26.0,00:00,-1,2013-09-26,4.2,Clear (0/8)
Turku Artukainen,2013.0,9.0,27.0,00:00,-1,2013-09-27,7.5,Mostly cloudy (7/8)
Turku Artukainen,2013.0,9.0,28.0,00:00,-1,2013-09-28,6.5,Clear (1/8)
Turku Artukainen,2013.0,9.0,29.0,00:00,-1,2013-09-29,6.7,Cloudy (8/8)
Turku Artukainen,2013.0,9.0,30.0,00:00,-1,2013-09-30,5.4,Clear (0/8)
Turku Artukainen,2013.0,10.0,1.0,00:00,-1,2013-10-01,3.5,Cloudy (8/8)
Turku Artukainen,2013.0,10.0,2.0,00:00,-1,2013-10-02,3.9,Clear (0/8)
Turku Artukainen,2013.0,10.0,3.0,00:00,-1,2013-10-03,7.5,Clear (0/8)
Turku Artukainen,2013.0,10.0,4.0,00:00,-1,2013-10-04,9.8,Clear (0/8)
Turku Artukainen,2013.0,10.0,5.0,00:00,-1,2013-10-05,11.4,Partly cloudy (5/8)
Turku Artukainen,2013.0,10.0,6.0,00:00,-1,2013-10-06,10.7,Cloudy (8/8)
Turku Artukainen,2013.0,10.0,7.0,00:00,-1,2013-10-07,10.5,Mostly cloudy (7/8)
Turku Artukainen,2013.0,10.0,8.0,00:00,-1,2013-10-08,11.5,Clear (1/8)
Turku Artukainen,2013.0,10.0,9.0,00:00,-1,2013-10-09,12.3,Cloudy (8/8)
Turku Artukainen,2013.0,10.0,10.0,00:00,-1,2013-10-10,11.1,Mostly cloudy (7/8)
Turku Artukainen,2013.0,10.0,11.0,00:00,-1,2013-10-11,7.4,Cloudy (8/8)
Turku Artukainen,2013.0,10.0,12.0,00:00,-1,2013-10-12,7.0,Clear (0/8)
Turku Artukainen,2013.0,10.0,13.0,00:00,-1,2013-10-13,8.8,Clear (0/8)
Turku Artukainen,2013.0,10.0,14.0,00:00,-1,2013-10-14,5.3,Clear (0/8)
Turku Artukainen,2013.0,10.0,15.0,00:00,-1,2013-10-15,8.4,Mostly clear (2/8)
Turku Artukainen,2013.0,10.0,16.0,00:00,-1,2013-10-16,1.5,Cloudy (8/8)
Turku Artukainen,2013.0,10.0,17.0,00:00,-1,2013-10-17,3.6,Clear (1/8)
Turku Artukainen,2013.0,10.0,18.0,00:00,-1,2013-10-18,2.9,Cloudy (8/8)
Turku Artukainen,2013.0,10.0,19.0,00:00,-1,2013-10-19,3.4,Clear (0/8)
Turku Artukainen,2013.0,10.0,20.0,00:00,-1,2013-10-20,-0.1,Partly cloudy (5/8)
Turku Artukainen,2013.0,10.0,21.0,00:00,-1,2013-10-21,-2.0,Clear (0/8)
Turku Artukainen,2013.0,10.0,22.0,00:00,-1,2013-10-22,1.1,Clear (0/8)
Turku Artukainen,2013.0,10.0,23.0,00:00,-0.9,2013-10-23,9.6,Cloudy (8/8)
Turku Artukainen,2013.0,10.0,24.0,00:00,-0.6,2013-10-24,11.0,Cloudiness cannot be determined (9/8)
Turku Artukainen,2013.0,10.0,25.0,00:00,-,2013-10-25,8.0,Mostly cloudy (7/8)
Turku Artukainen,2013.0,10.0,26.0,00:00,-,2013-10-26,8.3,Clear (0/8)
Turku Artukainen,2013.0,10.0,27.0,00:00,-,2013-10-27,10.6,Mostly cloudy (7/8)
Turku Artukainen,2013.0,10.0,28.0,00:00,-1,2013-10-28,10.6,Cloudy (8/8)
Turku Artukainen,2013.0,10.0,29.0,00:00,-,2013-10-29,9.4,Mostly cloudy (7/8)
Turku Artukainen,2013.0,10.0,30.0,00:00,-,2013-10-30,5.7,Cloudy (8/8)
-,2013.0,10.0,31.0,00:00,-,2013-10-31,5.0,Clear (0/8)
Turku Artukainen,2013.0,11.0,1.0,00:00,-1,2013-11-01,8.7,Cloudy (8/8)
Turku Artukainen,2013.0,11.0,2.0,00:00,-1,2013-11-02,7.2,Mostly cloudy (7/8)
Turku Artukainen,2013.0,11.0,3.0,00:00,-1,2013-11-03,3.7,Cloudiness cannot be determined (9/8)
Turku Artukainen,2013.0,11.0,4.0,00:00,-1,2013-11-04,6.8,Cloudy (8/8)
Turku Artukainen,2013.0,11.0,5.0,00:00,-,2013-11-05,6.3,Mostly cloudy (6/8)
-,2013.0,11.0,6.0,00:00,-,2013-11-06,5.8,Cloudy (8/8)
Turku Artukainen,2013.0,11.0,7.0,00:00,-,2013-11-07,4.5,Mostly cloudy (7/8)
Turku Artukainen,2013.0,11.0,8.0,00:00,-,2013-11-08,5.9,Mostly cloudy (7/8)
Turku Artukainen,2013.0,11.0,9.0,00:00,-,2013-11-09,6.9,Mostly cloudy (7/8)
Turku Artukainen,2013.0,11.0,10.0,00:00,-,2013-11-10,5.4,Cloudy (8/8)
Turku Artukainen,2013.0,11.0,11.0,00:00,-,2013-11-11,2.0,Cloudy (8/8)
Turku Artukainen,2013.0,11.0,12.0,00:00,-,2013-11-12,6.5,Cloudy (8/8)
Turku Artukainen,2013.0,11.0,13.0,00:00,-,2013-11-13,5.8,Cloudy (8/8)
Turku Artukainen,2013.0,11.0,14.0,00:00,-,2013-11-14,3.4,Clear (0/8)
Turku Artukainen,2013.0,11.0,15.0,00:00,-,2013-11-15,5.3,Mostly cloudy (7/8)
-,2013.0,11.0,16.0,00:00,-,2013-11-16,7.4,Mostly cloudy (7/8)
Turku Artukainen,2013.0,11.0,17.0,00:00,-1,2013-11-17,6.2,Clear (0/8)
Turku Artukainen,2013.0,11.0,18.0,00:00,-,2013-11-18,4.6,Clear (0/8)
-,2013.0,11.0,19.0,00:00,-,2013-11-19,6.6,Cloudy (8/8)
-,2013.0,11.0,20.0,00:00,-,2013-11-20,2.9,Mostly cloudy (7/8)
-,2013.0,11.0,21.0,00:00,-,2013-11-21,3.4,Cloudy (8/8)
Turku Artukainen,2013.0,11.0,22.0,00:00,-,2013-11-22,4.5,Mostly cloudy (7/8)
-,2013.0,11.0,23.0,00:00,-,2013-11-23,2.0,Cloudy (8/8)
-,2013.0,11.0,24.0,00:00,-,2013-11-24,1.3,Mostly cloudy (7/8)
Turku Artukainen,2013.0,11.0,25.0,00:00,-,2013-11-25,0.3,Mostly cloudy (6/8)
-,2013.0,11.0,26.0,00:00,-,2013-11-26,-1.5,Clear (0/8)
-,2013.0,11.0,27.0,00:00,-,2013-11-27,4.8,Cloudy (8/8)
-,2013.0,11.0,28.0,00:00,-,2013-11-28,4.2,Clear (0/8)
Turku Artukainen,2013.0,11.0,29.0,00:00,0,2013-11-29,-2.1,Cloudy (8/8)
Turku Artukainen,2013.0,11.0,30.0,00:00,1.1,2013-11-30,-0.3,Mostly cloudy (7/8)
Turku Artukainen,2013.0,12.0,1.0,00:00,1.2,2013-12-01,2.0,Mostly cloudy (7/8)
Turku Artukainen,2013.0,12.0,2.0,00:00,-,2013-12-02,0.0,Clear (0/8)
Turku Artukainen,2013.0,12.0,3.0,00:00,-1,2013-12-03,4.1,Clear (0/8)
Turku Artukainen,2013.0,12.0,4.0,00:00,-1,2013-12-04,-0.9,Mostly cloudy (7/8)
Turku Artukainen,2013.0,12.0,5.0,00:00,-0.2,2013-12-05,1.5,Mostly cloudy (7/8)
Turku Artukainen,2013.0,12.0,6.0,00:00,-,2013-12-06,0.9,Cloudy (8/8)
Turku Artukainen,2013.0,12.0,7.0,00:00,2.4,2013-12-07,-1.8,Cloudy (8/8)
Turku Artukainen,2013.0,12.0,8.0,00:00,3.3,2013-12-08,-5.5,Clear (1/8)
Turku Artukainen,2013.0,12.0,9.0,00:00,4,2013-12-09,-5.5,Cloudy (8/8)
Turku Artukainen,2013.0,12.0,10.0,00:00,3.5,2013-12-10,-2.0,Clear (0/8)
Turku Artukainen,2013.0,12.0,11.0,00:00,-,2013-12-11,2.7,Cloudy (8/8)
-,2013.0,12.0,12.0,00:00,-,2013-12-12,4.2,Clear (0/8)
Turku Artukainen,2013.0,12.0,13.0,00:00,-1,2013-12-13,2.5,Clear (0/8)
Turku Artukainen,2013.0,12.0,14.0,00:00,-1,2013-12-14,-3.4,Clear (0/8)
Turku Artukainen,2013.0,12.0,15.0,00:00,0,2013-12-15,3.1,Cloudy (8/8)
Turku Artukainen,2013.0,12.0,16.0,00:00,-,2013-12-16,4.9,Mostly cloudy (7/8)
Turku Artukainen,2013.0,12.0,17.0,00:00,-1,2013-12-17,4.8,Cloudy (8/8)
Turku Artukainen,2013.0,12.0,18.0,00:00,-,2013-12-18,1.3,Clear (0/8)
Turku Artukainen,2013.0,12.0,19.0,00:00,-1,2013-12-19,3.3,Cloudy (8/8)
Turku Artukainen,2013.0,12.0,20.0,00:00,-1,2013-12-20,4.1,Cloudy (8/8)
Turku Artukainen,2013.0,12.0,21.0,00:00,-1,2013-12-21,4.5,Mostly cloudy (7/8)
Turku Artukainen,2013.0,12.0,22.0,00:00,-1,2013-12-22,5.5,Mostly cloudy (7/8)
Turku Artukainen,2013.0,12.0,23.0,00:00,-1,2013-12-23,4.3,Mostly cloudy (7/8)
Turku Artukainen,2013.0,12.0,24.0,00:00,-1,2013-12-24,4.5,Clear (0/8)
Turku Artukainen,2013.0,12.0,25.0,00:00,-1,2013-12-25,5.7,Mostly cloudy (7/8)
Turku Artukainen,2013.0,12.0,26.0,00:00,-1,2013-12-26,5.0,Mostly cloudy (7/8)
Turku Artukainen,2013.0,12.0,27.0,00:00,-,2013-12-27,4.5,Cloudy (8/8)
Turku Artukainen,2013.0,12.0,28.0,00:00,-1,2013-12-28,5.5,Mostly cloudy (7/8)
Turku Artukainen,2013.0,12.0,29.0,00:00,-,2013-12-29,3.8,Cloudy (8/8)
Turku Artukainen,2013.0,12.0,30.0,00:00,-1,2013-12-30,3.0,Cloudy (8/8)
Turku Artukainen,2013.0,12.0,31.0,00:00,-1,2013-12-31,4.2,Mostly cloudy (7/8)
Turku Artukainen,2014.0,1.0,1.0,00:00,-1,2014-01-01,4.0,Cloudy (8/8)
